31-DAY WAIT FOR SECOND OR SUBSEQUENT TREATMENT: RADIOTHERAPY TREATMENTS,,,,,,,,,,,,,,
PERIOD: March 2016,,,,,,,,,,,,,,
"BASIS: PROVIDER BASED INCLUDING WELSH CROSS-BORDER PATIENTS AND ""UNKNOWNS""",,,,,,,,,,,,,,
DEFINITIONS: AMD 23/2011,,,,,,,,,,,,,,
Footnotes: See Cover page,,,,,,,,,,,,,,
,,,,,,,,,,,,,,
,,,,,,,,,,,,,,
PART A: ADMITTED CARE,,,,,,,,,,,,,,
,,,,,NUMBER OF PEOPLE RECEIVING SECOND OR SUBSEQUENT TREATMENT FOR CANCER,,,PERCENTAGE,,NUMBER OF PEOPLE RECEIVING SECOND OR SUBSEQUENT TREATMENT,,,,
,ODS CODE (1),PROVIDER (4) (5),CARE SETTING (2),TREATMENT TYPE,TOTAL,WITHIN 31 DAYS,AFTER 31 DAYS,TREATED WITHIN 31 DAYS,,WITHIN 31 DAYS,32 TO 38 DAYS,39 TO 48 DAYS,49 TO 62 DAYS,AFTER 62 DAYS
,R1H,BARTS HEALTH NHS TRUST,ADMITTED,RADIOTHERAPY,4,4,0,100.00%,,4,0,0,0,0
,RXH,BRIGHTON AND SUSSEX UNIVERSITY HOSPITALS NHS TRUST,ADMITTED,RADIOTHERAPY,59,59,0,100.00%,,59,0,0,0,0
,RGT,CAMBRIDGE UNIVERSITY HOSPITALS NHS FOUNDATION TRUST,ADMITTED,RADIOTHERAPY,12,12,0,100.00%,,12,0,0,0,0
,RDE,COLCHESTER HOSPITAL UNIVERSITY NHS FOUNDATION TRUST,ADMITTED,RADIOTHERAPY,1,1,0,100.00%,,1,0,0,0,0
,RTG,DERBY TEACHING HOSPITALS NHS FOUNDATION TRUST,ADMITTED,RADIOTHERAPY,24,24,0,100.00%,,24,0,0,0,0
,RWH,EAST AND NORTH HERTFORDSHIRE NHS TRUST,ADMITTED,RADIOTHERAPY,11,11,0,100.00%,,11,0,0,0,0
,RXC,EAST SUSSEX HEALTHCARE NHS TRUST,ADMITTED,RADIOTHERAPY,1,1,0,100.00%,,1,0,0,0,0
,RTE,GLOUCESTERSHIRE HOSPITALS NHS FOUNDATION TRUST,ADMITTED,RADIOTHERAPY,6,6,0,100.00%,,6,0,0,0,0
,RJ1,GUY'S AND ST THOMAS' NHS FOUNDATION TRUST,ADMITTED,RADIOTHERAPY,19,19,0,100.00%,,19,0,0,0,0
,RN5,HAMPSHIRE HOSPITALS NHS FOUNDATION TRUST,ADMITTED,RADIOTHERAPY,7,7,0,100.00%,,7,0,0,0,0
,RWA,HULL AND EAST YORKSHIRE HOSPITALS NHS TRUST,ADMITTED,RADIOTHERAPY,31,31,0,100.00%,,31,0,0,0,0
,RYJ,IMPERIAL COLLEGE HEALTHCARE NHS TRUST,ADMITTED,RADIOTHERAPY,25,23,2,92.00%,,23,2,0,0,0
,RGQ,IPSWICH HOSPITAL NHS TRUST,ADMITTED,RADIOTHERAPY,7,7,0,100.00%,,7,0,0,0,0
,RXN,LANCASHIRE TEACHING HOSPITALS NHS FOUNDATION TRUST,ADMITTED,RADIOTHERAPY,5,5,0,100.00%,,5,0,0,0,0
,RR8,LEEDS TEACHING HOSPITALS NHS TRUST,ADMITTED,RADIOTHERAPY,26,26,0,100.00%,,26,0,0,0,0
,RWF,MAIDSTONE AND TUNBRIDGE WELLS NHS TRUST,ADMITTED,RADIOTHERAPY,31,30,1,96.77%,,30,1,0,0,0
,RP6,MOORFIELDS EYE HOSPITAL NHS FOUNDATION TRUST,ADMITTED,RADIOTHERAPY,1,1,0,100.00%,,1,0,0,0,0
,RM1,NORFOLK AND NORWICH UNIVERSITY HOSPITALS NHS FOUNDATION TRUST,ADMITTED,RADIOTHERAPY,11,11,0,100.00%,,11,0,0,0,0
,RNL,NORTH CUMBRIA UNIVERSITY HOSPITALS NHS TRUST,ADMITTED,RADIOTHERAPY,2,2,0,100.00%,,2,0,0,0,0
,RNS,NORTHAMPTON GENERAL HOSPITAL NHS TRUST,ADMITTED,RADIOTHERAPY,1,1,0,100.00%,,1,0,0,0,0
,RX1,NOTTINGHAM UNIVERSITY HOSPITALS NHS TRUST,ADMITTED,RADIOTHERAPY,160,159,1,99.38%,,159,0,1,0,0
,RTH,OXFORD UNIVERSITY HOSPITALS NHS TRUST,ADMITTED,RADIOTHERAPY,4,4,0,100.00%,,4,0,0,0,0
,RGN,PETERBOROUGH AND STAMFORD HOSPITALS NHS FOUNDATION TRUST,ADMITTED,RADIOTHERAPY,65,65,0,100.00%,,65,0,0,0,0
,RK9,PLYMOUTH HOSPITALS NHS TRUST,ADMITTED,RADIOTHERAPY,6,6,0,100.00%,,6,0,0,0,0
,RD3,POOLE HOSPITAL NHS FOUNDATION TRUST,ADMITTED,RADIOTHERAPY,23,23,0,100.00%,,23,0,0,0,0
,RHU,PORTSMOUTH HOSPITALS NHS TRUST,ADMITTED,RADIOTHERAPY,1,1,0,100.00%,,1,0,0,0,0
,RHW,ROYAL BERKSHIRE NHS FOUNDATION TRUST,ADMITTED,RADIOTHERAPY,6,6,0,100.00%,,6,0,0,0,0
,REF,ROYAL CORNWALL HOSPITALS NHS TRUST,ADMITTED,RADIOTHERAPY,5,5,0,100.00%,,5,0,0,0,0
,RH8,ROYAL DEVON AND EXETER NHS FOUNDATION TRUST,ADMITTED,RADIOTHERAPY,11,11,0,100.00%,,11,0,0,0,0
,RAL,ROYAL FREE LONDON NHS FOUNDATION TRUST,ADMITTED,RADIOTHERAPY,18,18,0,100.00%,,18,0,0,0,0
,RA2,ROYAL SURREY COUNTY HOSPITAL NHS FOUNDATION TRUST,ADMITTED,RADIOTHERAPY,14,10,4,71.43%,,10,1,1,0,2
,RHQ,SHEFFIELD TEACHING HOSPITALS NHS FOUNDATION TRUST,ADMITTED,RADIOTHERAPY,22,22,0,100.00%,,22,0,0,0,0
,RXW,SHREWSBURY AND TELFORD HOSPITAL NHS TRUST,ADMITTED,RADIOTHERAPY,13,13,0,100.00%,,13,0,0,0,0
,RA9,SOUTH DEVON HEALTHCARE NHS FOUNDATION TRUST,ADMITTED,RADIOTHERAPY,17,17,0,100.00%,,17,0,0,0,0
,RTR,SOUTH TEES HOSPITALS NHS FOUNDATION TRUST,ADMITTED,RADIOTHERAPY,33,33,0,100.00%,,33,0,0,0,0
,RAJ,SOUTHEND UNIVERSITY HOSPITAL NHS FOUNDATION TRUST,ADMITTED,RADIOTHERAPY,11,11,0,100.00%,,11,0,0,0,0
,RBA,TAUNTON AND SOMERSET NHS FOUNDATION TRUST,ADMITTED,RADIOTHERAPY,9,9,0,100.00%,,9,0,0,0,0
,RBV,THE CHRISTIE NHS FOUNDATION TRUST,ADMITTED,RADIOTHERAPY,15,15,0,100.00%,,15,0,0,0,0
,REN,THE CLATTERBRIDGE CANCER CENTRE NHS FOUNDATION TRUST,ADMITTED,RADIOTHERAPY,18,18,0,100.00%,,18,0,0,0,0
,RTD,THE NEWCASTLE UPON TYNE HOSPITALS NHS FOUNDATION TRUST,ADMITTED,RADIOTHERAPY,19,19,0,100.00%,,19,0,0,0,0
,RPY,THE ROYAL MARSDEN NHS FOUNDATION TRUST,ADMITTED,RADIOTHERAPY,10,10,0,100.00%,,10,0,0,0,0
,RL4,THE ROYAL WOLVERHAMPTON NHS TRUST,ADMITTED,RADIOTHERAPY,14,14,0,100.00%,,14,0,0,0,0
,RWD,UNITED LINCOLNSHIRE HOSPITALS NHS TRUST,ADMITTED,RADIOTHERAPY,17,16,1,94.12%,,16,0,0,1,0
,RRV,UNIVERSITY COLLEGE LONDON HOSPITALS NHS FOUNDATION TRUST,ADMITTED,RADIOTHERAPY,59,59,0,100.00%,,59,0,0,0,0
,RHM,UNIVERSITY HOSPITAL SOUTHAMPTON NHS FOUNDATION TRUST,ADMITTED,RADIOTHERAPY,25,25,0,100.00%,,25,0,0,0,0
,RRK,UNIVERSITY HOSPITALS BIRMINGHAM NHS FOUNDATION TRUST,ADMITTED,RADIOTHERAPY,1,1,0,100.00%,,1,0,0,0,0
,RA7,UNIVERSITY HOSPITALS BRISTOL NHS FOUNDATION TRUST,ADMITTED,RADIOTHERAPY,40,40,0,100.00%,,40,0,0,0,0
,RKB,UNIVERSITY HOSPITALS COVENTRY AND WARWICKSHIRE NHS TRUST,ADMITTED,RADIOTHERAPY,13,13,0,100.00%,,13,0,0,0,0
,RWE,UNIVERSITY HOSPITALS OF LEICESTER NHS TRUST,ADMITTED,RADIOTHERAPY,8,8,0,100.00%,,8,0,0,0,0
,RJE,UNIVERSITY HOSPITALS OF NORTH MIDLANDS NHS TRUST,ADMITTED,RADIOTHERAPY,11,11,0,100.00%,,11,0,0,0,0
,RWP,WORCESTERSHIRE ACUTE HOSPITALS NHS TRUST,ADMITTED,RADIOTHERAPY,3,3,0,100.00%,,3,0,0,0,0
,,,,,,,,,,,,,,
,,ALL ENGLISH PROVIDERS,ADMITTED,RADIOTHERAPY,955,946,9,99.06%,,946,4,2,1,2
,,,,,,,,,,,,,,
,,,,,,,,,,,,,,
,,,,,,,,,,,,,,
PART B:NON ADMITTED CARE,,,,,,,,,,,,,,
,,,,,NUMBER OF PEOPLE RECEIVING SECOND OR SUBSEQUENT TREATMENT FOR CANCER,,,PERCENTAGE,,NUMBER OF PEOPLE RECEIVING SECOND OR SUBSEQUENT TREATMENT,,,,
,ODS CODE (1),PROVIDER (4) (5),CARE SETTING (2),TREATMENT TYPE,TOTAL,WITHIN 31 DAYS,AFTER 31 DAYS,TREATED WITHIN 31 DAYS,,WITHIN 31 DAYS,32 TO 38 DAYS,39 TO 48 DAYS,49 TO 62 DAYS,AFTER 62 DAYS
,RF4,"BARKING, HAVERING AND REDBRIDGE UNIVERSITY HOSPITALS NHS TRUST",NON-ADMITTED,RADIOTHERAPY,48,48,0,100.00%,,48,0,0,0,0
,R1H,BARTS HEALTH NHS TRUST,NON-ADMITTED,RADIOTHERAPY,107,104,3,97.20%,,104,2,1,0,0
,RXH,BRIGHTON AND SUSSEX UNIVERSITY HOSPITALS NHS TRUST,NON-ADMITTED,RADIOTHERAPY,120,117,3,97.50%,,117,3,0,0,0
,RGT,CAMBRIDGE UNIVERSITY HOSPITALS NHS FOUNDATION TRUST,NON-ADMITTED,RADIOTHERAPY,252,246,6,97.62%,,246,3,2,0,1
,RLN,CITY HOSPITALS SUNDERLAND NHS FOUNDATION TRUST,NON-ADMITTED,RADIOTHERAPY,1,1,0,100.00%,,1,0,0,0,0
,RDE,COLCHESTER HOSPITAL UNIVERSITY NHS FOUNDATION TRUST,NON-ADMITTED,RADIOTHERAPY,116,113,3,97.41%,,113,2,0,0,1
,RTG,DERBY TEACHING HOSPITALS NHS FOUNDATION TRUST,NON-ADMITTED,RADIOTHERAPY,78,77,1,98.72%,,77,1,0,0,0
,RWH,EAST AND NORTH HERTFORDSHIRE NHS TRUST,NON-ADMITTED,RADIOTHERAPY,290,275,15,94.83%,,275,5,7,1,2
,RDU,FRIMLEY HEALTH NHS FOUNDATION TRUST,NON-ADMITTED,RADIOTHERAPY,1,1,0,100.00%,,1,0,0,0,0
,RTE,GLOUCESTERSHIRE HOSPITALS NHS FOUNDATION TRUST,NON-ADMITTED,RADIOTHERAPY,71,71,0,100.00%,,71,0,0,0,0
,RJ1,GUY'S AND ST THOMAS' NHS FOUNDATION TRUST,NON-ADMITTED,RADIOTHERAPY,224,219,5,97.77%,,219,3,1,1,0
,RN5,HAMPSHIRE HOSPITALS NHS FOUNDATION TRUST,NON-ADMITTED,RADIOTHERAPY,21,19,2,90.48%,,19,2,0,0,0
,RR1,HEART OF ENGLAND NHS FOUNDATION TRUST,NON-ADMITTED,RADIOTHERAPY,1,1,0,100.00%,,1,0,0,0,0
,RWA,HULL AND EAST YORKSHIRE HOSPITALS NHS TRUST,NON-ADMITTED,RADIOTHERAPY,154,152,2,98.70%,,152,1,1,0,0
,RYJ,IMPERIAL COLLEGE HEALTHCARE NHS TRUST,NON-ADMITTED,RADIOTHERAPY,72,72,0,100.00%,,72,0,0,0,0
,RGQ,IPSWICH HOSPITAL NHS TRUST,NON-ADMITTED,RADIOTHERAPY,71,71,0,100.00%,,71,0,0,0,0
,RXN,LANCASHIRE TEACHING HOSPITALS NHS FOUNDATION TRUST,NON-ADMITTED,RADIOTHERAPY,249,244,5,97.99%,,244,4,0,1,0
,RR8,LEEDS TEACHING HOSPITALS NHS TRUST,NON-ADMITTED,RADIOTHERAPY,363,363,0,100.00%,,363,0,0,0,0
,RWF,MAIDSTONE AND TUNBRIDGE WELLS NHS TRUST,NON-ADMITTED,RADIOTHERAPY,310,294,16,94.84%,,294,8,4,2,2
,RD8,MILTON KEYNES HOSPITAL NHS FOUNDATION TRUST,NON-ADMITTED,RADIOTHERAPY,4,4,0,100.00%,,4,0,0,0,0
,RM1,NORFOLK AND NORWICH UNIVERSITY HOSPITALS NHS FOUNDATION TRUST,NON-ADMITTED,RADIOTHERAPY,188,184,4,97.87%,,184,2,0,1,1
,RNL,NORTH CUMBRIA UNIVERSITY HOSPITALS NHS TRUST,NON-ADMITTED,RADIOTHERAPY,59,57,2,96.61%,,57,1,1,0,0
,RAP,NORTH MIDDLESEX UNIVERSITY HOSPITAL NHS TRUST,NON-ADMITTED,RADIOTHERAPY,50,48,2,96.00%,,48,1,0,1,0
,RNS,NORTHAMPTON GENERAL HOSPITAL NHS TRUST,NON-ADMITTED,RADIOTHERAPY,82,81,1,98.78%,,81,0,1,0,0
,RBZ,NORTHERN DEVON HEALTHCARE NHS TRUST,NON-ADMITTED,RADIOTHERAPY,1,1,0,100.00%,,1,0,0,0,0
,RX1,NOTTINGHAM UNIVERSITY HOSPITALS NHS TRUST,NON-ADMITTED,RADIOTHERAPY,2,2,0,100.00%,,2,0,0,0,0
,RTH,OXFORD UNIVERSITY HOSPITALS NHS TRUST,NON-ADMITTED,RADIOTHERAPY,239,213,26,89.12%,,213,24,2,0,0
,RK9,PLYMOUTH HOSPITALS NHS TRUST,NON-ADMITTED,RADIOTHERAPY,54,51,3,94.44%,,51,1,0,1,1
,RD3,POOLE HOSPITAL NHS FOUNDATION TRUST,NON-ADMITTED,RADIOTHERAPY,136,135,1,99.26%,,135,0,0,1,0
,RHU,PORTSMOUTH HOSPITALS NHS TRUST,NON-ADMITTED,RADIOTHERAPY,176,173,3,98.30%,,173,2,1,0,0
,RHW,ROYAL BERKSHIRE NHS FOUNDATION TRUST,NON-ADMITTED,RADIOTHERAPY,115,112,3,97.39%,,112,2,1,0,0
,REF,ROYAL CORNWALL HOSPITALS NHS TRUST,NON-ADMITTED,RADIOTHERAPY,114,110,4,96.49%,,110,2,2,0,0
,RH8,ROYAL DEVON AND EXETER NHS FOUNDATION TRUST,NON-ADMITTED,RADIOTHERAPY,100,99,1,99.00%,,99,1,0,0,0
,RAL,ROYAL FREE LONDON NHS FOUNDATION TRUST,NON-ADMITTED,RADIOTHERAPY,14,14,0,100.00%,,14,0,0,0,0
,RA2,ROYAL SURREY COUNTY HOSPITAL NHS FOUNDATION TRUST,NON-ADMITTED,RADIOTHERAPY,190,183,7,96.32%,,183,3,2,2,0
,RD1,ROYAL UNITED HOSPITALS BATH NHS FOUNDATION TRUST,NON-ADMITTED,RADIOTHERAPY,53,53,0,100.00%,,53,0,0,0,0
,RNZ,SALISBURY NHS FOUNDATION TRUST,NON-ADMITTED,RADIOTHERAPY,2,2,0,100.00%,,2,0,0,0,0
,RHQ,SHEFFIELD TEACHING HOSPITALS NHS FOUNDATION TRUST,NON-ADMITTED,RADIOTHERAPY,245,243,2,99.18%,,243,1,1,0,0
,RXW,SHREWSBURY AND TELFORD HOSPITAL NHS TRUST,NON-ADMITTED,RADIOTHERAPY,80,79,1,98.75%,,79,1,0,0,0
,RA9,SOUTH DEVON HEALTHCARE NHS FOUNDATION TRUST,NON-ADMITTED,RADIOTHERAPY,47,47,0,100.00%,,47,0,0,0,0
,RTR,SOUTH TEES HOSPITALS NHS FOUNDATION TRUST,NON-ADMITTED,RADIOTHERAPY,155,153,2,98.71%,,153,2,0,0,0
,RAJ,SOUTHEND UNIVERSITY HOSPITAL NHS FOUNDATION TRUST,NON-ADMITTED,RADIOTHERAPY,107,107,0,100.00%,,107,0,0,0,0
,RBA,TAUNTON AND SOMERSET NHS FOUNDATION TRUST,NON-ADMITTED,RADIOTHERAPY,66,66,0,100.00%,,66,0,0,0,0
,RBV,THE CHRISTIE NHS FOUNDATION TRUST,NON-ADMITTED,RADIOTHERAPY,319,319,0,100.00%,,319,0,0,0,0
,REN,THE CLATTERBRIDGE CANCER CENTRE NHS FOUNDATION TRUST,NON-ADMITTED,RADIOTHERAPY,338,327,11,96.75%,,327,5,1,3,2
,RTD,THE NEWCASTLE UPON TYNE HOSPITALS NHS FOUNDATION TRUST,NON-ADMITTED,RADIOTHERAPY,308,307,1,99.68%,,307,0,1,0,0
,RPY,THE ROYAL MARSDEN NHS FOUNDATION TRUST,NON-ADMITTED,RADIOTHERAPY,250,249,1,99.60%,,249,0,1,0,0
,RL4,THE ROYAL WOLVERHAMPTON NHS TRUST,NON-ADMITTED,RADIOTHERAPY,116,116,0,100.00%,,116,0,0,0,0
,RWD,UNITED LINCOLNSHIRE HOSPITALS NHS TRUST,NON-ADMITTED,RADIOTHERAPY,112,101,11,90.18%,,101,1,8,2,0
,RRV,UNIVERSITY COLLEGE LONDON HOSPITALS NHS FOUNDATION TRUST,NON-ADMITTED,RADIOTHERAPY,52,52,0,100.00%,,52,0,0,0,0
,RHM,UNIVERSITY HOSPITAL SOUTHAMPTON NHS FOUNDATION TRUST,NON-ADMITTED,RADIOTHERAPY,164,164,0,100.00%,,164,0,0,0,0
,RRK,UNIVERSITY HOSPITALS BIRMINGHAM NHS FOUNDATION TRUST,NON-ADMITTED,RADIOTHERAPY,275,269,6,97.82%,,269,3,3,0,0
,RA7,UNIVERSITY HOSPITALS BRISTOL NHS FOUNDATION TRUST,NON-ADMITTED,RADIOTHERAPY,179,176,3,98.32%,,176,1,0,1,1
,RKB,UNIVERSITY HOSPITALS COVENTRY AND WARWICKSHIRE NHS TRUST,NON-ADMITTED,RADIOTHERAPY,123,118,5,95.93%,,118,3,1,1,0
,RWE,UNIVERSITY HOSPITALS OF LEICESTER NHS TRUST,NON-ADMITTED,RADIOTHERAPY,104,100,4,96.15%,,100,3,1,0,0
,RJE,UNIVERSITY HOSPITALS OF NORTH MIDLANDS NHS TRUST,NON-ADMITTED,RADIOTHERAPY,116,111,5,95.69%,,111,2,3,0,0
,RWG,WEST HERTFORDSHIRE HOSPITALS NHS TRUST,NON-ADMITTED,RADIOTHERAPY,1,1,0,100.00%,,1,0,0,0,0
,RWP,WORCESTERSHIRE ACUTE HOSPITALS NHS TRUST,NON-ADMITTED,RADIOTHERAPY,21,21,0,100.00%,,21,0,0,0,0
,,,,,,,,,,,,,,
,,ALL ENGLISH PROVIDERS,NON-ADMITTED,RADIOTHERAPY,7306,7136,170,97.67%,,7136,95,46,18,11
,,,,,,,,,,,,,,
,,,,,,,,,,,,,,
,,,,,,,,,,,,,,
PART C:ALL CARE,,,,,,,,,,,,,,
,,,,,NUMBER OF PEOPLE RECEIVING SECOND OR SUBSEQUENT TREATMENT FOR CANCER,,,PERCENTAGE,,NUMBER OF PEOPLE RECEIVING SECOND OR SUBSEQUENT TREATMENT,,,,
,ODS CODE (1),PROVIDER (4) (5),CARE SETTING (2),TREATMENT TYPE,TOTAL,WITHIN 31 DAYS,AFTER 31 DAYS,TREATED WITHIN 31 DAYS,,WITHIN 31 DAYS,32 TO 38 DAYS,39 TO 48 DAYS,49 TO 62 DAYS,AFTER 62 DAYS
,RF4,"BARKING, HAVERING AND REDBRIDGE UNIVERSITY HOSPITALS NHS TRUST",ALL CARE,RADIOTHERAPY,48,48,0,100.00%,,48,0,0,0,0
,R1H,BARTS HEALTH NHS TRUST,ALL CARE,RADIOTHERAPY,111,108,3,97.30%,,108,2,1,0,0
,RXH,BRIGHTON AND SUSSEX UNIVERSITY HOSPITALS NHS TRUST,ALL CARE,RADIOTHERAPY,179,176,3,98.32%,,176,3,0,0,0
,RGT,CAMBRIDGE UNIVERSITY HOSPITALS NHS FOUNDATION TRUST,ALL CARE,RADIOTHERAPY,264,258,6,97.73%,,258,3,2,0,1
,RLN,CITY HOSPITALS SUNDERLAND NHS FOUNDATION TRUST,ALL CARE,RADIOTHERAPY,1,1,0,100.00%,,1,0,0,0,0
,RDE,COLCHESTER HOSPITAL UNIVERSITY NHS FOUNDATION TRUST,ALL CARE,RADIOTHERAPY,117,114,3,97.44%,,114,2,0,0,1
,RTG,DERBY TEACHING HOSPITALS NHS FOUNDATION TRUST,ALL CARE,RADIOTHERAPY,102,101,1,99.02%,,101,1,0,0,0
,RWH,EAST AND NORTH HERTFORDSHIRE NHS TRUST,ALL CARE,RADIOTHERAPY,301,286,15,95.02%,,286,5,7,1,2
,RXC,EAST SUSSEX HEALTHCARE NHS TRUST,ALL CARE,RADIOTHERAPY,1,1,0,100.00%,,1,0,0,0,0
,RDU,FRIMLEY HEALTH NHS FOUNDATION TRUST,ALL CARE,RADIOTHERAPY,1,1,0,100.00%,,1,0,0,0,0
,RTE,GLOUCESTERSHIRE HOSPITALS NHS FOUNDATION TRUST,ALL CARE,RADIOTHERAPY,77,77,0,100.00%,,77,0,0,0,0
,RJ1,GUY'S AND ST THOMAS' NHS FOUNDATION TRUST,ALL CARE,RADIOTHERAPY,243,238,5,97.94%,,238,3,1,1,0
,RN5,HAMPSHIRE HOSPITALS NHS FOUNDATION TRUST,ALL CARE,RADIOTHERAPY,28,26,2,92.86%,,26,2,0,0,0
,RR1,HEART OF ENGLAND NHS FOUNDATION TRUST,ALL CARE,RADIOTHERAPY,1,1,0,100.00%,,1,0,0,0,0
,RWA,HULL AND EAST YORKSHIRE HOSPITALS NHS TRUST,ALL CARE,RADIOTHERAPY,185,183,2,98.92%,,183,1,1,0,0
,RYJ,IMPERIAL COLLEGE HEALTHCARE NHS TRUST,ALL CARE,RADIOTHERAPY,97,95,2,97.94%,,95,2,0,0,0
,RGQ,IPSWICH HOSPITAL NHS TRUST,ALL CARE,RADIOTHERAPY,78,78,0,100.00%,,78,0,0,0,0
,RXN,LANCASHIRE TEACHING HOSPITALS NHS FOUNDATION TRUST,ALL CARE,RADIOTHERAPY,254,249,5,98.03%,,249,4,0,1,0
,RR8,LEEDS TEACHING HOSPITALS NHS TRUST,ALL CARE,RADIOTHERAPY,389,389,0,100.00%,,389,0,0,0,0
,RWF,MAIDSTONE AND TUNBRIDGE WELLS NHS TRUST,ALL CARE,RADIOTHERAPY,341,324,17,95.01%,,324,9,4,2,2
,RD8,MILTON KEYNES HOSPITAL NHS FOUNDATION TRUST,ALL CARE,RADIOTHERAPY,4,4,0,100.00%,,4,0,0,0,0
,RP6,MOORFIELDS EYE HOSPITAL NHS FOUNDATION TRUST,ALL CARE,RADIOTHERAPY,1,1,0,100.00%,,1,0,0,0,0
,RM1,NORFOLK AND NORWICH UNIVERSITY HOSPITALS NHS FOUNDATION TRUST,ALL CARE,RADIOTHERAPY,199,195,4,97.99%,,195,2,0,1,1
,RNL,NORTH CUMBRIA UNIVERSITY HOSPITALS NHS TRUST,ALL CARE,RADIOTHERAPY,61,59,2,96.72%,,59,1,1,0,0
,RAP,NORTH MIDDLESEX UNIVERSITY HOSPITAL NHS TRUST,ALL CARE,RADIOTHERAPY,50,48,2,96.00%,,48,1,0,1,0
,RNS,NORTHAMPTON GENERAL HOSPITAL NHS TRUST,ALL CARE,RADIOTHERAPY,83,82,1,98.80%,,82,0,1,0,0
,RBZ,NORTHERN DEVON HEALTHCARE NHS TRUST,ALL CARE,RADIOTHERAPY,1,1,0,100.00%,,1,0,0,0,0
,RX1,NOTTINGHAM UNIVERSITY HOSPITALS NHS TRUST,ALL CARE,RADIOTHERAPY,162,161,1,99.38%,,161,0,1,0,0
,RTH,OXFORD UNIVERSITY HOSPITALS NHS TRUST,ALL CARE,RADIOTHERAPY,243,217,26,89.30%,,217,24,2,0,0
,RGN,PETERBOROUGH AND STAMFORD HOSPITALS NHS FOUNDATION TRUST,ALL CARE,RADIOTHERAPY,65,65,0,100.00%,,65,0,0,0,0
,RK9,PLYMOUTH HOSPITALS NHS TRUST,ALL CARE,RADIOTHERAPY,60,57,3,95.00%,,57,1,0,1,1
,RD3,POOLE HOSPITAL NHS FOUNDATION TRUST,ALL CARE,RADIOTHERAPY,159,158,1,99.37%,,158,0,0,1,0
,RHU,PORTSMOUTH HOSPITALS NHS TRUST,ALL CARE,RADIOTHERAPY,177,174,3,98.31%,,174,2,1,0,0
,RHW,ROYAL BERKSHIRE NHS FOUNDATION TRUST,ALL CARE,RADIOTHERAPY,121,118,3,97.52%,,118,2,1,0,0
,REF,ROYAL CORNWALL HOSPITALS NHS TRUST,ALL CARE,RADIOTHERAPY,119,115,4,96.64%,,115,2,2,0,0
,RH8,ROYAL DEVON AND EXETER NHS FOUNDATION TRUST,ALL CARE,RADIOTHERAPY,111,110,1,99.10%,,110,1,0,0,0
,RAL,ROYAL FREE LONDON NHS FOUNDATION TRUST,ALL CARE,RADIOTHERAPY,32,32,0,100.00%,,32,0,0,0,0
,RA2,ROYAL SURREY COUNTY HOSPITAL NHS FOUNDATION TRUST,ALL CARE,RADIOTHERAPY,204,193,11,94.61%,,193,4,3,2,2
,RD1,ROYAL UNITED HOSPITALS BATH NHS FOUNDATION TRUST,ALL CARE,RADIOTHERAPY,53,53,0,100.00%,,53,0,0,0,0
,RNZ,SALISBURY NHS FOUNDATION TRUST,ALL CARE,RADIOTHERAPY,2,2,0,100.00%,,2,0,0,0,0
,RHQ,SHEFFIELD TEACHING HOSPITALS NHS FOUNDATION TRUST,ALL CARE,RADIOTHERAPY,267,265,2,99.25%,,265,1,1,0,0
,RXW,SHREWSBURY AND TELFORD HOSPITAL NHS TRUST,ALL CARE,RADIOTHERAPY,93,92,1,98.92%,,92,1,0,0,0
,RA9,SOUTH DEVON HEALTHCARE NHS FOUNDATION TRUST,ALL CARE,RADIOTHERAPY,64,64,0,100.00%,,64,0,0,0,0
,RTR,SOUTH TEES HOSPITALS NHS FOUNDATION TRUST,ALL CARE,RADIOTHERAPY,188,186,2,98.94%,,186,2,0,0,0
,RAJ,SOUTHEND UNIVERSITY HOSPITAL NHS FOUNDATION TRUST,ALL CARE,RADIOTHERAPY,118,118,0,100.00%,,118,0,0,0,0
,RBA,TAUNTON AND SOMERSET NHS FOUNDATION TRUST,ALL CARE,RADIOTHERAPY,75,75,0,100.00%,,75,0,0,0,0
,RBV,THE CHRISTIE NHS FOUNDATION TRUST,ALL CARE,RADIOTHERAPY,334,334,0,100.00%,,334,0,0,0,0
,REN,THE CLATTERBRIDGE CANCER CENTRE NHS FOUNDATION TRUST,ALL CARE,RADIOTHERAPY,356,345,11,96.91%,,345,5,1,3,2
,RTD,THE NEWCASTLE UPON TYNE HOSPITALS NHS FOUNDATION TRUST,ALL CARE,RADIOTHERAPY,327,326,1,99.69%,,326,0,1,0,0
,RPY,THE ROYAL MARSDEN NHS FOUNDATION TRUST,ALL CARE,RADIOTHERAPY,260,259,1,99.62%,,259,0,1,0,0
,RL4,THE ROYAL WOLVERHAMPTON NHS TRUST,ALL CARE,RADIOTHERAPY,130,130,0,100.00%,,130,0,0,0,0
,RWD,UNITED LINCOLNSHIRE HOSPITALS NHS TRUST,ALL CARE,RADIOTHERAPY,129,117,12,90.70%,,117,1,8,3,0
,RRV,UNIVERSITY COLLEGE LONDON HOSPITALS NHS FOUNDATION TRUST,ALL CARE,RADIOTHERAPY,111,111,0,100.00%,,111,0,0,0,0
,RHM,UNIVERSITY HOSPITAL SOUTHAMPTON NHS FOUNDATION TRUST,ALL CARE,RADIOTHERAPY,189,189,0,100.00%,,189,0,0,0,0
,RRK,UNIVERSITY HOSPITALS BIRMINGHAM NHS FOUNDATION TRUST,ALL CARE,RADIOTHERAPY,276,270,6,97.83%,,270,3,3,0,0
,RA7,UNIVERSITY HOSPITALS BRISTOL NHS FOUNDATION TRUST,ALL CARE,RADIOTHERAPY,219,216,3,98.63%,,216,1,0,1,1
,RKB,UNIVERSITY HOSPITALS COVENTRY AND WARWICKSHIRE NHS TRUST,ALL CARE,RADIOTHERAPY,136,131,5,96.32%,,131,3,1,1,0
,RWE,UNIVERSITY HOSPITALS OF LEICESTER NHS TRUST,ALL CARE,RADIOTHERAPY,112,108,4,96.43%,,108,3,1,0,0
,RJE,UNIVERSITY HOSPITALS OF NORTH MIDLANDS NHS TRUST,ALL CARE,RADIOTHERAPY,127,122,5,96.06%,,122,2,3,0,0
,RWG,WEST HERTFORDSHIRE HOSPITALS NHS TRUST,ALL CARE,RADIOTHERAPY,1,1,0,100.00%,,1,0,0,0,0
,RWP,WORCESTERSHIRE ACUTE HOSPITALS NHS TRUST,ALL CARE,RADIOTHERAPY,24,24,0,100.00%,,24,0,0,0,0
,,,,,,,,,,,,,,
,,ALL ENGLISH PROVIDERS,ALL CARE,RADIOTHERAPY,8261,8082,179,97.83%,,8082,99,48,19,13
