31-DAY (DIAGNOSIS TO TREATMENT) WAIT FOR FIRST TREATMENT: ALL CANCERS,,,,,,,,,,,,,,
PERIOD: May 2016,,,,,,,,,,,,,,
"BASIS: PROVIDER BASED INCLUDING WELSH CROSS-BORDER PATIENTS AND ""UNKNOWNS""",,,,,,,,,,,,,,
DEFINITIONS: AMD 23/2011,,,,,,,,,,,,,,
Footnotes: See Cover page,,,,,,,,,,,,,,
,,,,,,,,,,,,,,
,,,,,,,,,,,,,,
PART A: ADMITTED CARE,,,,,,,,,,,,,,
,,,,,NUMBER OF PEOPLE RECEIVING FIRST TREATMENT FOR CANCER,,,PERCENTAGE ,,NUMBER OF PEOPLE RECEIVING FIRST TREATMENT FOR CANCER,,,,
,ODS CODE (1),PROVIDER (4) (5),CARE SETTING (2),CANCER TYPE,TOTAL,WITHIN 31 DAYS,AFTER 31 DAYS,TREATED WITHIN 31 DAYS,,WITHIN 31 DAYS,32 TO 38 DAYS,39 TO 48 DAYS,49 TO 62 DAYS,AFTER 62 DAYS
,REM,AINTREE UNIVERSITY HOSPITAL NHS FOUNDATION TRUST,ADMITTED,ALL CANCERS,83,82,1,98.80%,,82,0,0,1,0
,RCF,AIREDALE NHS FOUNDATION TRUST,ADMITTED,ALL CANCERS,39,39,0,100.00%,,39,0,0,0,0
,RBS,ALDER HEY CHILDREN'S NHS FOUNDATION TRUST,ADMITTED,ALL CANCERS,9,9,0,100.00%,,9,0,0,0,0
,RTK,ASHFORD AND ST PETER'S HOSPITALS NHS FOUNDATION TRUST,ADMITTED,ALL CANCERS,32,31,1,96.88%,,31,1,0,0,0
,RF4,"BARKING, HAVERING AND REDBRIDGE UNIVERSITY HOSPITALS NHS TRUST",ADMITTED,ALL CANCERS,116,113,3,97.41%,,113,2,1,0,0
,RFF,BARNSLEY HOSPITAL NHS FOUNDATION TRUST,ADMITTED,ALL CANCERS,41,41,0,100.00%,,41,0,0,0,0
,R1H,BARTS HEALTH NHS TRUST,ADMITTED,ALL CANCERS,162,153,9,94.44%,,153,4,2,1,2
,RDD,BASILDON AND THURROCK UNIVERSITY HOSPITALS NHS FOUNDATION TRUST,ADMITTED,ALL CANCERS,50,49,1,98.00%,,49,0,0,1,0
,RC1,BEDFORD HOSPITAL NHS TRUST,ADMITTED,ALL CANCERS,69,67,2,97.10%,,67,2,0,0,0
,RQ3,BIRMINGHAM CHILDREN'S HOSPITAL NHS FOUNDATION TRUST,ADMITTED,ALL CANCERS,14,14,0,100.00%,,14,0,0,0,0
,RLU,BIRMINGHAM WOMEN'S NHS FOUNDATION TRUST,ADMITTED,ALL CANCERS,1,1,0,100.00%,,1,0,0,0,0
,RXL,BLACKPOOL TEACHING HOSPITALS NHS FOUNDATION TRUST,ADMITTED,ALL CANCERS,116,115,1,99.14%,,115,0,1,0,0
,RMC,BOLTON NHS FOUNDATION TRUST,ADMITTED,ALL CANCERS,49,48,1,97.96%,,48,1,0,0,0
,RAE,BRADFORD TEACHING HOSPITALS NHS FOUNDATION TRUST,ADMITTED,ALL CANCERS,94,92,2,97.87%,,92,0,0,1,1
,RXH,BRIGHTON AND SUSSEX UNIVERSITY HOSPITALS NHS TRUST,ADMITTED,ALL CANCERS,128,123,5,96.09%,,123,2,3,0,0
,RXQ,BUCKINGHAMSHIRE HEALTHCARE NHS TRUST,ADMITTED,ALL CANCERS,141,139,2,98.58%,,139,2,0,0,0
,RJF,BURTON HOSPITALS NHS FOUNDATION TRUST,ADMITTED,ALL CANCERS,60,60,0,100.00%,,60,0,0,0,0
,RWY,CALDERDALE AND HUDDERSFIELD NHS FOUNDATION TRUST,ADMITTED,ALL CANCERS,84,84,0,100.00%,,84,0,0,0,0
,RGT,CAMBRIDGE UNIVERSITY HOSPITALS NHS FOUNDATION TRUST,ADMITTED,ALL CANCERS,161,159,2,98.76%,,159,1,1,0,0
,RV3,CENTRAL AND NORTH WEST LONDON NHS FOUNDATION TRUST,ADMITTED,ALL CANCERS,1,1,0,100.00%,,1,0,0,0,0
,RW3,CENTRAL MANCHESTER UNIVERSITY HOSPITALS NHS FOUNDATION TRUST,ADMITTED,ALL CANCERS,77,71,6,92.21%,,71,1,2,2,1
,RQM,CHELSEA AND WESTMINSTER HOSPITAL NHS FOUNDATION TRUST,ADMITTED,ALL CANCERS,43,42,1,97.67%,,42,0,0,1,0
,RFS,CHESTERFIELD ROYAL HOSPITAL NHS FOUNDATION TRUST,ADMITTED,ALL CANCERS,68,67,1,98.53%,,67,0,0,1,0
,RLN,CITY HOSPITALS SUNDERLAND NHS FOUNDATION TRUST,ADMITTED,ALL CANCERS,78,76,2,97.44%,,76,0,1,1,0
,RDE,COLCHESTER HOSPITAL UNIVERSITY NHS FOUNDATION TRUST,ADMITTED,ALL CANCERS,116,106,10,91.38%,,106,4,2,1,3
,RJR,COUNTESS OF CHESTER HOSPITAL NHS FOUNDATION TRUST,ADMITTED,ALL CANCERS,44,44,0,100.00%,,44,0,0,0,0
,RXP,COUNTY DURHAM AND DARLINGTON NHS FOUNDATION TRUST,ADMITTED,ALL CANCERS,135,135,0,100.00%,,135,0,0,0,0
,RJ6,CROYDON HEALTH SERVICES NHS TRUST,ADMITTED,ALL CANCERS,44,43,1,97.73%,,43,0,1,0,0
,RN7,DARTFORD AND GRAVESHAM NHS TRUST,ADMITTED,ALL CANCERS,55,55,0,100.00%,,55,0,0,0,0
,RTG,DERBY TEACHING HOSPITALS NHS FOUNDATION TRUST,ADMITTED,ALL CANCERS,187,180,7,96.26%,,180,3,2,2,0
,RP5,DONCASTER AND BASSETLAW HOSPITALS NHS FOUNDATION TRUST,ADMITTED,ALL CANCERS,81,80,1,98.77%,,80,0,1,0,0
,RBD,DORSET COUNTY HOSPITAL NHS FOUNDATION TRUST,ADMITTED,ALL CANCERS,80,76,4,95.00%,,76,3,0,0,1
,RWH,EAST AND NORTH HERTFORDSHIRE NHS TRUST,ADMITTED,ALL CANCERS,60,55,5,91.67%,,55,1,2,1,1
,RJN,EAST CHESHIRE NHS TRUST,ADMITTED,ALL CANCERS,34,34,0,100.00%,,34,0,0,0,0
,RVV,EAST KENT HOSPITALS UNIVERSITY NHS FOUNDATION TRUST,ADMITTED,ALL CANCERS,208,197,11,94.71%,,197,6,5,0,0
,RXR,EAST LANCASHIRE HOSPITALS NHS TRUST,ADMITTED,ALL CANCERS,113,110,3,97.35%,,110,1,0,0,2
,RXC,EAST SUSSEX HEALTHCARE NHS TRUST,ADMITTED,ALL CANCERS,122,121,1,99.18%,,121,0,1,0,0
,RVR,EPSOM AND ST HELIER UNIVERSITY HOSPITALS NHS TRUST,ADMITTED,ALL CANCERS,31,30,1,96.77%,,30,1,0,0,0
,RDU,FRIMLEY HEALTH NHS FOUNDATION TRUST,ADMITTED,ALL CANCERS,185,184,1,99.46%,,184,0,0,0,1
,RR7,GATESHEAD HEALTH NHS FOUNDATION TRUST,ADMITTED,ALL CANCERS,78,78,0,100.00%,,78,0,0,0,0
,RLT,GEORGE ELIOT HOSPITAL NHS TRUST,ADMITTED,ALL CANCERS,40,39,1,97.50%,,39,1,0,0,0
,RTE,GLOUCESTERSHIRE HOSPITALS NHS FOUNDATION TRUST,ADMITTED,ALL CANCERS,160,159,1,99.38%,,159,1,0,0,0
,RP4,GREAT ORMOND STREET HOSPITAL FOR CHILDREN NHS FOUNDATION TRUST,ADMITTED,ALL CANCERS,11,11,0,100.00%,,11,0,0,0,0
,RN3,GREAT WESTERN HOSPITALS NHS FOUNDATION TRUST,ADMITTED,ALL CANCERS,85,83,2,97.65%,,83,1,0,1,0
,RJ1,GUY'S AND ST THOMAS' NHS FOUNDATION TRUST,ADMITTED,ALL CANCERS,207,195,12,94.20%,,195,4,2,3,3
,RN5,HAMPSHIRE HOSPITALS NHS FOUNDATION TRUST,ADMITTED,ALL CANCERS,123,119,4,96.75%,,119,2,2,0,0
,RCD,HARROGATE AND DISTRICT NHS FOUNDATION TRUST,ADMITTED,ALL CANCERS,33,32,1,96.97%,,32,1,0,0,0
,RR1,HEART OF ENGLAND NHS FOUNDATION TRUST,ADMITTED,ALL CANCERS,236,235,1,99.58%,,235,1,0,0,0
,RQQ,HINCHINGBROOKE HEALTH CARE NHS TRUST,ADMITTED,ALL CANCERS,29,28,1,96.55%,,28,0,0,1,0
,RQX,HOMERTON UNIVERSITY HOSPITAL NHS FOUNDATION TRUST,ADMITTED,ALL CANCERS,19,19,0,100.00%,,19,0,0,0,0
,RWA,HULL AND EAST YORKSHIRE HOSPITALS NHS TRUST,ADMITTED,ALL CANCERS,230,227,3,98.70%,,227,0,2,0,1
,RYJ,IMPERIAL COLLEGE HEALTHCARE NHS TRUST,ADMITTED,ALL CANCERS,189,181,8,95.77%,,181,0,4,3,1
,RGQ,IPSWICH HOSPITAL NHS TRUST,ADMITTED,ALL CANCERS,116,112,4,96.55%,,112,1,1,1,1
,R1F,ISLE OF WIGHT NHS TRUST,ADMITTED,ALL CANCERS,22,22,0,100.00%,,22,0,0,0,0
,RGP,JAMES PAGET UNIVERSITY HOSPITALS NHS FOUNDATION TRUST,ADMITTED,ALL CANCERS,78,76,2,97.44%,,76,2,0,0,0
,RNQ,KETTERING GENERAL HOSPITAL NHS FOUNDATION TRUST,ADMITTED,ALL CANCERS,87,84,3,96.55%,,84,1,2,0,0
,RJZ,KING'S COLLEGE HOSPITAL NHS FOUNDATION TRUST,ADMITTED,ALL CANCERS,141,141,0,100.00%,,141,0,0,0,0
,RAX,KINGSTON HOSPITAL NHS FOUNDATION TRUST,ADMITTED,ALL CANCERS,47,47,0,100.00%,,47,0,0,0,0
,RXN,LANCASHIRE TEACHING HOSPITALS NHS FOUNDATION TRUST,ADMITTED,ALL CANCERS,171,158,13,92.40%,,158,6,5,1,1
,RR8,LEEDS TEACHING HOSPITALS NHS TRUST,ADMITTED,ALL CANCERS,285,277,8,97.19%,,277,3,2,1,2
,RJ2,LEWISHAM AND GREENWICH NHS TRUST,ADMITTED,ALL CANCERS,56,56,0,100.00%,,56,0,0,0,0
,RBQ,LIVERPOOL HEART AND CHEST HOSPITAL NHS FOUNDATION TRUST,ADMITTED,ALL CANCERS,41,41,0,100.00%,,41,0,0,0,0
,REP,LIVERPOOL WOMEN'S NHS FOUNDATION TRUST,ADMITTED,ALL CANCERS,24,24,0,100.00%,,24,0,0,0,0
,R1K,LONDON NORTH WEST HEALTHCARE NHS TRUST,ADMITTED,ALL CANCERS,88,88,0,100.00%,,88,0,0,0,0
,RC9,LUTON AND DUNSTABLE UNIVERSITY HOSPITAL NHS FOUNDATION TRUST,ADMITTED,ALL CANCERS,67,66,1,98.51%,,66,0,0,0,1
,RWF,MAIDSTONE AND TUNBRIDGE WELLS NHS TRUST,ADMITTED,ALL CANCERS,141,134,7,95.04%,,134,1,4,1,1
,RPA,MEDWAY NHS FOUNDATION TRUST,ADMITTED,ALL CANCERS,66,62,4,93.94%,,62,0,3,0,1
,RBT,MID CHESHIRE HOSPITALS NHS FOUNDATION TRUST,ADMITTED,ALL CANCERS,42,42,0,100.00%,,42,0,0,0,0
,RQ8,MID ESSEX HOSPITAL SERVICES NHS TRUST,ADMITTED,ALL CANCERS,147,134,13,91.16%,,134,10,0,3,0
,RXF,MID YORKSHIRE HOSPITALS NHS TRUST,ADMITTED,ALL CANCERS,110,107,3,97.27%,,107,2,1,0,0
,RD8,MILTON KEYNES UNIVERSITY HOSPITAL NHS FOUNDATION TRUST,ADMITTED,ALL CANCERS,44,42,2,95.45%,,42,1,1,0,0
,RP6,MOORFIELDS EYE HOSPITAL NHS FOUNDATION TRUST,ADMITTED,ALL CANCERS,12,12,0,100.00%,,12,0,0,0,0
,RM1,NORFOLK AND NORWICH UNIVERSITY HOSPITALS NHS FOUNDATION TRUST,ADMITTED,ALL CANCERS,256,250,6,97.66%,,250,2,1,3,0
,RVJ,NORTH BRISTOL NHS TRUST,ADMITTED,ALL CANCERS,175,166,9,94.86%,,166,3,3,2,1
,RNL,NORTH CUMBRIA UNIVERSITY HOSPITALS NHS TRUST,ADMITTED,ALL CANCERS,103,97,6,94.17%,,97,4,2,0,0
,RAP,NORTH MIDDLESEX UNIVERSITY HOSPITAL NHS TRUST,ADMITTED,ALL CANCERS,32,32,0,100.00%,,32,0,0,0,0
,RVW,NORTH TEES AND HARTLEPOOL NHS FOUNDATION TRUST,ADMITTED,ALL CANCERS,87,86,1,98.85%,,86,1,0,0,0
,RNS,NORTHAMPTON GENERAL HOSPITAL NHS TRUST,ADMITTED,ALL CANCERS,98,92,6,93.88%,,92,4,1,0,1
,RBZ,NORTHERN DEVON HEALTHCARE NHS TRUST,ADMITTED,ALL CANCERS,44,44,0,100.00%,,44,0,0,0,0
,RJL,NORTHERN LINCOLNSHIRE AND GOOLE NHS FOUNDATION TRUST,ADMITTED,ALL CANCERS,92,91,1,98.91%,,91,1,0,0,0
,RTF,NORTHUMBRIA HEALTHCARE NHS FOUNDATION TRUST,ADMITTED,ALL CANCERS,55,55,0,100.00%,,55,0,0,0,0
,RX1,NOTTINGHAM UNIVERSITY HOSPITALS NHS TRUST,ADMITTED,ALL CANCERS,266,255,11,95.86%,,255,2,4,4,1
,RTH,OXFORD UNIVERSITY HOSPITALS NHS FOUNDATION TRUST,ADMITTED,ALL CANCERS,219,203,16,92.69%,,203,9,5,2,0
,RGM,PAPWORTH HOSPITAL NHS FOUNDATION TRUST,ADMITTED,ALL CANCERS,12,12,0,100.00%,,12,0,0,0,0
,RW6,PENNINE ACUTE HOSPITALS NHS TRUST,ADMITTED,ALL CANCERS,92,92,0,100.00%,,92,0,0,0,0
,RGN,PETERBOROUGH AND STAMFORD HOSPITALS NHS FOUNDATION TRUST,ADMITTED,ALL CANCERS,93,93,0,100.00%,,93,0,0,0,0
,RK9,PLYMOUTH HOSPITALS NHS TRUST,ADMITTED,ALL CANCERS,188,177,11,94.15%,,177,5,4,2,0
,RD3,POOLE HOSPITAL NHS FOUNDATION TRUST,ADMITTED,ALL CANCERS,116,113,3,97.41%,,113,2,1,0,0
,RHU,PORTSMOUTH HOSPITALS NHS TRUST,ADMITTED,ALL CANCERS,152,147,5,96.71%,,147,2,1,0,2
,RPC,QUEEN VICTORIA HOSPITAL NHS FOUNDATION TRUST,ADMITTED,ALL CANCERS,37,33,4,89.19%,,33,2,1,0,1
,RHW,ROYAL BERKSHIRE NHS FOUNDATION TRUST,ADMITTED,ALL CANCERS,118,115,3,97.46%,,115,2,0,1,0
,RT3,ROYAL BROMPTON & HAREFIELD NHS FOUNDATION TRUST,ADMITTED,ALL CANCERS,37,37,0,100.00%,,37,0,0,0,0
,REF,ROYAL CORNWALL HOSPITALS NHS TRUST,ADMITTED,ALL CANCERS,134,127,7,94.78%,,127,4,1,2,0
,RH8,ROYAL DEVON AND EXETER NHS FOUNDATION TRUST,ADMITTED,ALL CANCERS,220,217,3,98.64%,,217,1,0,2,0
,RAL,ROYAL FREE LONDON NHS FOUNDATION TRUST,ADMITTED,ALL CANCERS,190,186,4,97.89%,,186,2,1,0,1
,RQ6,ROYAL LIVERPOOL AND BROADGREEN UNIVERSITY HOSPITALS NHS TRUST,ADMITTED,ALL CANCERS,87,85,2,97.70%,,85,0,2,0,0
,RAN,ROYAL NATIONAL ORTHOPAEDIC HOSPITAL NHS TRUST,ADMITTED,ALL CANCERS,4,2,2,50.00%,,2,2,0,0,0
,RA2,ROYAL SURREY COUNTY HOSPITAL NHS FOUNDATION TRUST,ADMITTED,ALL CANCERS,123,109,14,88.62%,,109,1,3,8,2
,RD1,ROYAL UNITED HOSPITALS BATH NHS FOUNDATION TRUST,ADMITTED,ALL CANCERS,90,88,2,97.78%,,88,2,0,0,0
,RM3,SALFORD ROYAL NHS FOUNDATION TRUST,ADMITTED,ALL CANCERS,78,76,2,97.44%,,76,0,1,0,1
,RNZ,SALISBURY NHS FOUNDATION TRUST,ADMITTED,ALL CANCERS,67,65,2,97.01%,,65,1,1,0,0
,RXK,SANDWELL AND WEST BIRMINGHAM HOSPITALS NHS TRUST,ADMITTED,ALL CANCERS,92,89,3,96.74%,,89,1,0,1,1
,RCU,SHEFFIELD CHILDREN'S NHS FOUNDATION TRUST,ADMITTED,ALL CANCERS,1,1,0,100.00%,,1,0,0,0,0
,RHQ,SHEFFIELD TEACHING HOSPITALS NHS FOUNDATION TRUST,ADMITTED,ALL CANCERS,323,315,8,97.52%,,315,2,3,2,1
,RK5,SHERWOOD FOREST HOSPITALS NHS FOUNDATION TRUST,ADMITTED,ALL CANCERS,65,64,1,98.46%,,64,0,0,0,1
,RXW,SHREWSBURY AND TELFORD HOSPITAL NHS TRUST,ADMITTED,ALL CANCERS,123,118,5,95.93%,,118,3,1,0,1
,RTR,SOUTH TEES HOSPITALS NHS FOUNDATION TRUST,ADMITTED,ALL CANCERS,157,155,2,98.73%,,155,0,1,0,1
,RE9,SOUTH TYNESIDE NHS FOUNDATION TRUST,ADMITTED,ALL CANCERS,12,12,0,100.00%,,12,0,0,0,0
,RJC,SOUTH WARWICKSHIRE NHS FOUNDATION TRUST,ADMITTED,ALL CANCERS,53,51,2,96.23%,,51,1,0,0,1
,RAJ,SOUTHEND UNIVERSITY HOSPITAL NHS FOUNDATION TRUST,ADMITTED,ALL CANCERS,105,102,3,97.14%,,102,2,0,0,1
,RVY,SOUTHPORT AND ORMSKIRK HOSPITAL NHS TRUST,ADMITTED,ALL CANCERS,36,35,1,97.22%,,35,1,0,0,0
,RJ7,ST GEORGE'S UNIVERSITY HOSPITALS NHS FOUNDATION TRUST,ADMITTED,ALL CANCERS,129,123,6,95.35%,,123,2,3,1,0
,RBN,ST HELENS AND KNOWSLEY HOSPITAL SERVICES NHS TRUST,ADMITTED,ALL CANCERS,134,129,5,96.27%,,129,1,1,1,2
,RWJ,STOCKPORT NHS FOUNDATION TRUST,ADMITTED,ALL CANCERS,45,45,0,100.00%,,45,0,0,0,0
,RTP,SURREY AND SUSSEX HEALTHCARE NHS TRUST,ADMITTED,ALL CANCERS,75,73,2,97.33%,,73,1,1,0,0
,RMP,TAMESIDE HOSPITAL NHS FOUNDATION TRUST,ADMITTED,ALL CANCERS,28,28,0,100.00%,,28,0,0,0,0
,RBA,TAUNTON AND SOMERSET NHS FOUNDATION TRUST,ADMITTED,ALL CANCERS,97,93,4,95.88%,,93,2,0,1,1
,RBV,THE CHRISTIE NHS FOUNDATION TRUST,ADMITTED,ALL CANCERS,62,56,6,90.32%,,56,0,3,2,1
,REN,THE CLATTERBRIDGE CANCER CENTRE NHS FOUNDATION TRUST,ADMITTED,ALL CANCERS,17,17,0,100.00%,,17,0,0,0,0
,RNA,THE DUDLEY GROUP NHS FOUNDATION TRUST,ADMITTED,ALL CANCERS,112,111,1,99.11%,,111,1,0,0,0
,RAS,THE HILLINGDON HOSPITALS NHS FOUNDATION TRUST,ADMITTED,ALL CANCERS,43,43,0,100.00%,,43,0,0,0,0
,RTD,THE NEWCASTLE UPON TYNE HOSPITALS NHS FOUNDATION TRUST,ADMITTED,ALL CANCERS,299,290,9,96.99%,,290,4,1,1,3
,RQW,THE PRINCESS ALEXANDRA HOSPITAL NHS TRUST,ADMITTED,ALL CANCERS,47,47,0,100.00%,,47,0,0,0,0
,RCX,"THE QUEEN ELIZABETH HOSPITAL, KING'S LYNN, NHS FOUNDATION TRUST",ADMITTED,ALL CANCERS,60,60,0,100.00%,,60,0,0,0,0
,RL1,THE ROBERT JONES AND AGNES HUNT ORTHOPAEDIC HOSPITAL NHS FOUNDATION TRUST,ADMITTED,ALL CANCERS,2,2,0,100.00%,,2,0,0,0,0
,RFR,THE ROTHERHAM NHS FOUNDATION TRUST,ADMITTED,ALL CANCERS,49,48,1,97.96%,,48,1,0,0,0
,RDZ,THE ROYAL BOURNEMOUTH AND CHRISTCHURCH HOSPITALS NHS FOUNDATION TRUST,ADMITTED,ALL CANCERS,114,112,2,98.25%,,112,0,1,1,0
,RPY,THE ROYAL MARSDEN NHS FOUNDATION TRUST,ADMITTED,ALL CANCERS,150,149,1,99.33%,,149,0,1,0,0
,RRJ,THE ROYAL ORTHOPAEDIC HOSPITAL NHS FOUNDATION TRUST,ADMITTED,ALL CANCERS,4,4,0,100.00%,,4,0,0,0,0
,RL4,THE ROYAL WOLVERHAMPTON NHS TRUST,ADMITTED,ALL CANCERS,144,138,6,95.83%,,138,1,2,1,2
,RET,THE WALTON CENTRE NHS FOUNDATION TRUST,ADMITTED,ALL CANCERS,13,13,0,100.00%,,13,0,0,0,0
,RKE,THE WHITTINGTON HOSPITAL NHS TRUST,ADMITTED,ALL CANCERS,25,25,0,100.00%,,25,0,0,0,0
,RA9,TORBAY AND SOUTH DEVON NHS FOUNDATION TRUST,ADMITTED,ALL CANCERS,97,96,1,98.97%,,96,1,0,0,0
,RWD,UNITED LINCOLNSHIRE HOSPITALS NHS TRUST,ADMITTED,ALL CANCERS,158,145,13,91.77%,,145,6,3,1,3
,RRV,UNIVERSITY COLLEGE LONDON HOSPITALS NHS FOUNDATION TRUST,ADMITTED,ALL CANCERS,190,168,22,88.42%,,168,9,6,4,3
,RM2,UNIVERSITY HOSPITAL OF SOUTH MANCHESTER NHS FOUNDATION TRUST,ADMITTED,ALL CANCERS,176,175,1,99.43%,,175,0,0,1,0
,RHM,UNIVERSITY HOSPITAL SOUTHAMPTON NHS FOUNDATION TRUST,ADMITTED,ALL CANCERS,164,158,6,96.34%,,158,4,1,1,0
,RRK,UNIVERSITY HOSPITALS BIRMINGHAM NHS FOUNDATION TRUST,ADMITTED,ALL CANCERS,161,157,4,97.52%,,157,2,1,1,0
,RA7,UNIVERSITY HOSPITALS BRISTOL NHS FOUNDATION TRUST,ADMITTED,ALL CANCERS,167,159,8,95.21%,,159,3,1,2,2
,RKB,UNIVERSITY HOSPITALS COVENTRY AND WARWICKSHIRE NHS TRUST,ADMITTED,ALL CANCERS,119,114,5,95.80%,,114,3,1,1,0
,RWE,UNIVERSITY HOSPITALS OF LEICESTER NHS TRUST,ADMITTED,ALL CANCERS,241,223,18,92.53%,,223,5,10,1,2
,RTX,UNIVERSITY HOSPITALS OF MORECAMBE BAY NHS FOUNDATION TRUST,ADMITTED,ALL CANCERS,79,79,0,100.00%,,79,0,0,0,0
,RJE,UNIVERSITY HOSPITALS OF NORTH MIDLANDS NHS TRUST,ADMITTED,ALL CANCERS,204,194,10,95.10%,,194,4,3,0,3
,RBK,WALSALL HEALTHCARE NHS TRUST,ADMITTED,ALL CANCERS,56,56,0,100.00%,,56,0,0,0,0
,RWW,WARRINGTON AND HALTON HOSPITALS NHS FOUNDATION TRUST,ADMITTED,ALL CANCERS,22,22,0,100.00%,,22,0,0,0,0
,RWG,WEST HERTFORDSHIRE HOSPITALS NHS TRUST,ADMITTED,ALL CANCERS,66,66,0,100.00%,,66,0,0,0,0
,RGR,WEST SUFFOLK NHS FOUNDATION TRUST,ADMITTED,ALL CANCERS,79,79,0,100.00%,,79,0,0,0,0
,RYR,WESTERN SUSSEX HOSPITALS NHS FOUNDATION TRUST,ADMITTED,ALL CANCERS,188,187,1,99.47%,,187,0,1,0,0
,RA3,WESTON AREA HEALTH NHS TRUST,ADMITTED,ALL CANCERS,23,22,1,95.65%,,22,1,0,0,0
,RBL,WIRRAL UNIVERSITY TEACHING HOSPITAL NHS FOUNDATION TRUST,ADMITTED,ALL CANCERS,107,103,4,96.26%,,103,2,0,2,0
,RWP,WORCESTERSHIRE ACUTE HOSPITALS NHS TRUST,ADMITTED,ALL CANCERS,129,122,7,94.57%,,122,1,1,2,3
,RRF,"WRIGHTINGTON, WIGAN AND LEIGH NHS FOUNDATION TRUST",ADMITTED,ALL CANCERS,58,58,0,100.00%,,58,0,0,0,0
,RLQ,WYE VALLEY NHS TRUST,ADMITTED,ALL CANCERS,49,49,0,100.00%,,49,0,0,0,0
,RA4,YEOVIL DISTRICT HOSPITAL NHS FOUNDATION TRUST,ADMITTED,ALL CANCERS,39,38,1,97.44%,,38,0,0,1,0
,RCB,YORK TEACHING HOSPITAL NHS FOUNDATION TRUST,ADMITTED,ALL CANCERS,132,130,2,98.48%,,130,2,0,0,0
,NV3,INDEPENDENT ORGANISATION,ADMITTED,ALL CANCERS,47,46,1,97.87%,,46,0,0,0,1
,NVM,INDEPENDENT ORGANISATION,ADMITTED,ALL CANCERS,12,12,0,100.00%,,12,0,0,0,0
,,,,,,,,,,,,,,
,,ALL ENGLISH PROVIDERS,ADMITTED,ALL CANCERS,15080,14608,472,96.87%,,14608,191,132,82,67
,,,,,,,,,,,,,,
,,,,,,,,,,,,,,
,,,,,,,,,,,,,,
PART B:NON ADMITTED CARE,,,,,,,,,,,,,,
,,,,,NUMBER OF PEOPLE RECEIVING FIRST TREATMENT FOR CANCER,,,PERCENTAGE ,,NUMBER OF PEOPLE RECEIVING FIRST TREATMENT FOR CANCER,,,,
,ODS CODE (1),PROVIDER (4) (5),CARE SETTING (2),CANCER TYPE,TOTAL,WITHIN 31 DAYS,AFTER 31 DAYS,TREATED WITHIN 31 DAYS,,WITHIN 31 DAYS,32 TO 38 DAYS,39 TO 48 DAYS,49 TO 62 DAYS,AFTER 62 DAYS
,REM,AINTREE UNIVERSITY HOSPITAL NHS FOUNDATION TRUST,NON-ADMITTED,ALL CANCERS,23,23,0,100.00%,,23,0,0,0,0
,RCF,AIREDALE NHS FOUNDATION TRUST,NON-ADMITTED,ALL CANCERS,22,22,0,100.00%,,22,0,0,0,0
,RTK,ASHFORD AND ST PETER'S HOSPITALS NHS FOUNDATION TRUST,NON-ADMITTED,ALL CANCERS,34,32,2,94.12%,,32,0,1,0,1
,RF4,"BARKING, HAVERING AND REDBRIDGE UNIVERSITY HOSPITALS NHS TRUST",NON-ADMITTED,ALL CANCERS,65,65,0,100.00%,,65,0,0,0,0
,RFF,BARNSLEY HOSPITAL NHS FOUNDATION TRUST,NON-ADMITTED,ALL CANCERS,29,29,0,100.00%,,29,0,0,0,0
,R1H,BARTS HEALTH NHS TRUST,NON-ADMITTED,ALL CANCERS,75,75,0,100.00%,,75,0,0,0,0
,RDD,BASILDON AND THURROCK UNIVERSITY HOSPITALS NHS FOUNDATION TRUST,NON-ADMITTED,ALL CANCERS,71,71,0,100.00%,,71,0,0,0,0
,RC1,BEDFORD HOSPITAL NHS TRUST,NON-ADMITTED,ALL CANCERS,37,37,0,100.00%,,37,0,0,0,0
,RQ3,BIRMINGHAM CHILDREN'S HOSPITAL NHS FOUNDATION TRUST,NON-ADMITTED,ALL CANCERS,3,3,0,100.00%,,3,0,0,0,0
,RLU,BIRMINGHAM WOMEN'S NHS FOUNDATION TRUST,NON-ADMITTED,ALL CANCERS,1,1,0,100.00%,,1,0,0,0,0
,RXL,BLACKPOOL TEACHING HOSPITALS NHS FOUNDATION TRUST,NON-ADMITTED,ALL CANCERS,41,41,0,100.00%,,41,0,0,0,0
,RMC,BOLTON NHS FOUNDATION TRUST,NON-ADMITTED,ALL CANCERS,40,40,0,100.00%,,40,0,0,0,0
,RAE,BRADFORD TEACHING HOSPITALS NHS FOUNDATION TRUST,NON-ADMITTED,ALL CANCERS,28,28,0,100.00%,,28,0,0,0,0
,RY2,BRIDGEWATER COMMUNITY HEALTHCARE NHS FOUNDATION TRUST,NON-ADMITTED,ALL CANCERS,13,12,1,92.31%,,12,1,0,0,0
,RXH,BRIGHTON AND SUSSEX UNIVERSITY HOSPITALS NHS TRUST,NON-ADMITTED,ALL CANCERS,98,97,1,98.98%,,97,1,0,0,0
,RXQ,BUCKINGHAMSHIRE HEALTHCARE NHS TRUST,NON-ADMITTED,ALL CANCERS,35,35,0,100.00%,,35,0,0,0,0
,RJF,BURTON HOSPITALS NHS FOUNDATION TRUST,NON-ADMITTED,ALL CANCERS,25,25,0,100.00%,,25,0,0,0,0
,RWY,CALDERDALE AND HUDDERSFIELD NHS FOUNDATION TRUST,NON-ADMITTED,ALL CANCERS,33,33,0,100.00%,,33,0,0,0,0
,RGT,CAMBRIDGE UNIVERSITY HOSPITALS NHS FOUNDATION TRUST,NON-ADMITTED,ALL CANCERS,72,71,1,98.61%,,71,1,0,0,0
,RW3,CENTRAL MANCHESTER UNIVERSITY HOSPITALS NHS FOUNDATION TRUST,NON-ADMITTED,ALL CANCERS,25,25,0,100.00%,,25,0,0,0,0
,RQM,CHELSEA AND WESTMINSTER HOSPITAL NHS FOUNDATION TRUST,NON-ADMITTED,ALL CANCERS,20,20,0,100.00%,,20,0,0,0,0
,RFS,CHESTERFIELD ROYAL HOSPITAL NHS FOUNDATION TRUST,NON-ADMITTED,ALL CANCERS,40,40,0,100.00%,,40,0,0,0,0
,RLN,CITY HOSPITALS SUNDERLAND NHS FOUNDATION TRUST,NON-ADMITTED,ALL CANCERS,60,60,0,100.00%,,60,0,0,0,0
,RDE,COLCHESTER HOSPITAL UNIVERSITY NHS FOUNDATION TRUST,NON-ADMITTED,ALL CANCERS,68,68,0,100.00%,,68,0,0,0,0
,RJR,COUNTESS OF CHESTER HOSPITAL NHS FOUNDATION TRUST,NON-ADMITTED,ALL CANCERS,22,22,0,100.00%,,22,0,0,0,0
,RXP,COUNTY DURHAM AND DARLINGTON NHS FOUNDATION TRUST,NON-ADMITTED,ALL CANCERS,33,33,0,100.00%,,33,0,0,0,0
,RJ6,CROYDON HEALTH SERVICES NHS TRUST,NON-ADMITTED,ALL CANCERS,12,12,0,100.00%,,12,0,0,0,0
,RN7,DARTFORD AND GRAVESHAM NHS TRUST,NON-ADMITTED,ALL CANCERS,21,21,0,100.00%,,21,0,0,0,0
,RTG,DERBY TEACHING HOSPITALS NHS FOUNDATION TRUST,NON-ADMITTED,ALL CANCERS,66,65,1,98.48%,,65,0,0,1,0
,RP5,DONCASTER AND BASSETLAW HOSPITALS NHS FOUNDATION TRUST,NON-ADMITTED,ALL CANCERS,78,78,0,100.00%,,78,0,0,0,0
,RBD,DORSET COUNTY HOSPITAL NHS FOUNDATION TRUST,NON-ADMITTED,ALL CANCERS,42,42,0,100.00%,,42,0,0,0,0
,RWH,EAST AND NORTH HERTFORDSHIRE NHS TRUST,NON-ADMITTED,ALL CANCERS,135,130,5,96.30%,,130,1,1,0,3
,RJN,EAST CHESHIRE NHS TRUST,NON-ADMITTED,ALL CANCERS,19,19,0,100.00%,,19,0,0,0,0
,RVV,EAST KENT HOSPITALS UNIVERSITY NHS FOUNDATION TRUST,NON-ADMITTED,ALL CANCERS,90,90,0,100.00%,,90,0,0,0,0
,RXR,EAST LANCASHIRE HOSPITALS NHS TRUST,NON-ADMITTED,ALL CANCERS,74,74,0,100.00%,,74,0,0,0,0
,RXC,EAST SUSSEX HEALTHCARE NHS TRUST,NON-ADMITTED,ALL CANCERS,59,59,0,100.00%,,59,0,0,0,0
,RVR,EPSOM AND ST HELIER UNIVERSITY HOSPITALS NHS TRUST,NON-ADMITTED,ALL CANCERS,44,44,0,100.00%,,44,0,0,0,0
,RDU,FRIMLEY HEALTH NHS FOUNDATION TRUST,NON-ADMITTED,ALL CANCERS,74,74,0,100.00%,,74,0,0,0,0
,RR7,GATESHEAD HEALTH NHS FOUNDATION TRUST,NON-ADMITTED,ALL CANCERS,29,29,0,100.00%,,29,0,0,0,0
,RLT,GEORGE ELIOT HOSPITAL NHS TRUST,NON-ADMITTED,ALL CANCERS,14,14,0,100.00%,,14,0,0,0,0
,RTE,GLOUCESTERSHIRE HOSPITALS NHS FOUNDATION TRUST,NON-ADMITTED,ALL CANCERS,124,124,0,100.00%,,124,0,0,0,0
,RN3,GREAT WESTERN HOSPITALS NHS FOUNDATION TRUST,NON-ADMITTED,ALL CANCERS,40,40,0,100.00%,,40,0,0,0,0
,RJ1,GUY'S AND ST THOMAS' NHS FOUNDATION TRUST,NON-ADMITTED,ALL CANCERS,68,68,0,100.00%,,68,0,0,0,0
,RN5,HAMPSHIRE HOSPITALS NHS FOUNDATION TRUST,NON-ADMITTED,ALL CANCERS,68,68,0,100.00%,,68,0,0,0,0
,RCD,HARROGATE AND DISTRICT NHS FOUNDATION TRUST,NON-ADMITTED,ALL CANCERS,44,44,0,100.00%,,44,0,0,0,0
,RR1,HEART OF ENGLAND NHS FOUNDATION TRUST,NON-ADMITTED,ALL CANCERS,89,89,0,100.00%,,89,0,0,0,0
,RQQ,HINCHINGBROOKE HEALTH CARE NHS TRUST,NON-ADMITTED,ALL CANCERS,17,17,0,100.00%,,17,0,0,0,0
,RQX,HOMERTON UNIVERSITY HOSPITAL NHS FOUNDATION TRUST,NON-ADMITTED,ALL CANCERS,20,20,0,100.00%,,20,0,0,0,0
,RWA,HULL AND EAST YORKSHIRE HOSPITALS NHS TRUST,NON-ADMITTED,ALL CANCERS,96,95,1,98.96%,,95,1,0,0,0
,RYJ,IMPERIAL COLLEGE HEALTHCARE NHS TRUST,NON-ADMITTED,ALL CANCERS,47,46,1,97.87%,,46,0,1,0,0
,RGQ,IPSWICH HOSPITAL NHS TRUST,NON-ADMITTED,ALL CANCERS,54,52,2,96.30%,,52,1,1,0,0
,R1F,ISLE OF WIGHT NHS TRUST,NON-ADMITTED,ALL CANCERS,45,45,0,100.00%,,45,0,0,0,0
,RGP,JAMES PAGET UNIVERSITY HOSPITALS NHS FOUNDATION TRUST,NON-ADMITTED,ALL CANCERS,47,47,0,100.00%,,47,0,0,0,0
,RNQ,KETTERING GENERAL HOSPITAL NHS FOUNDATION TRUST,NON-ADMITTED,ALL CANCERS,55,55,0,100.00%,,55,0,0,0,0
,RJZ,KING'S COLLEGE HOSPITAL NHS FOUNDATION TRUST,NON-ADMITTED,ALL CANCERS,50,49,1,98.00%,,49,1,0,0,0
,RAX,KINGSTON HOSPITAL NHS FOUNDATION TRUST,NON-ADMITTED,ALL CANCERS,27,27,0,100.00%,,27,0,0,0,0
,RXN,LANCASHIRE TEACHING HOSPITALS NHS FOUNDATION TRUST,NON-ADMITTED,ALL CANCERS,94,92,2,97.87%,,92,1,0,0,1
,RR8,LEEDS TEACHING HOSPITALS NHS TRUST,NON-ADMITTED,ALL CANCERS,157,155,2,98.73%,,155,0,1,1,0
,RJ2,LEWISHAM AND GREENWICH NHS TRUST,NON-ADMITTED,ALL CANCERS,27,26,1,96.30%,,26,0,0,1,0
,RBQ,LIVERPOOL HEART AND CHEST HOSPITAL NHS FOUNDATION TRUST,NON-ADMITTED,ALL CANCERS,6,6,0,100.00%,,6,0,0,0,0
,REP,LIVERPOOL WOMEN'S NHS FOUNDATION TRUST,NON-ADMITTED,ALL CANCERS,1,1,0,100.00%,,1,0,0,0,0
,R1K,LONDON NORTH WEST HEALTHCARE NHS TRUST,NON-ADMITTED,ALL CANCERS,35,35,0,100.00%,,35,0,0,0,0
,RC9,LUTON AND DUNSTABLE UNIVERSITY HOSPITAL NHS FOUNDATION TRUST,NON-ADMITTED,ALL CANCERS,38,38,0,100.00%,,38,0,0,0,0
,RWF,MAIDSTONE AND TUNBRIDGE WELLS NHS TRUST,NON-ADMITTED,ALL CANCERS,68,68,0,100.00%,,68,0,0,0,0
,RPA,MEDWAY NHS FOUNDATION TRUST,NON-ADMITTED,ALL CANCERS,41,39,2,95.12%,,39,1,1,0,0
,RBT,MID CHESHIRE HOSPITALS NHS FOUNDATION TRUST,NON-ADMITTED,ALL CANCERS,37,37,0,100.00%,,37,0,0,0,0
,RQ8,MID ESSEX HOSPITAL SERVICES NHS TRUST,NON-ADMITTED,ALL CANCERS,51,50,1,98.04%,,50,1,0,0,0
,RXF,MID YORKSHIRE HOSPITALS NHS TRUST,NON-ADMITTED,ALL CANCERS,50,50,0,100.00%,,50,0,0,0,0
,RD8,MILTON KEYNES UNIVERSITY HOSPITAL NHS FOUNDATION TRUST,NON-ADMITTED,ALL CANCERS,31,31,0,100.00%,,31,0,0,0,0
,RM1,NORFOLK AND NORWICH UNIVERSITY HOSPITALS NHS FOUNDATION TRUST,NON-ADMITTED,ALL CANCERS,98,98,0,100.00%,,98,0,0,0,0
,RVJ,NORTH BRISTOL NHS TRUST,NON-ADMITTED,ALL CANCERS,95,95,0,100.00%,,95,0,0,0,0
,RNL,NORTH CUMBRIA UNIVERSITY HOSPITALS NHS TRUST,NON-ADMITTED,ALL CANCERS,29,29,0,100.00%,,29,0,0,0,0
,RAP,NORTH MIDDLESEX UNIVERSITY HOSPITAL NHS TRUST,NON-ADMITTED,ALL CANCERS,41,41,0,100.00%,,41,0,0,0,0
,RVW,NORTH TEES AND HARTLEPOOL NHS FOUNDATION TRUST,NON-ADMITTED,ALL CANCERS,34,34,0,100.00%,,34,0,0,0,0
,RNS,NORTHAMPTON GENERAL HOSPITAL NHS TRUST,NON-ADMITTED,ALL CANCERS,67,62,5,92.54%,,62,2,2,1,0
,RBZ,NORTHERN DEVON HEALTHCARE NHS TRUST,NON-ADMITTED,ALL CANCERS,29,29,0,100.00%,,29,0,0,0,0
,RJL,NORTHERN LINCOLNSHIRE AND GOOLE NHS FOUNDATION TRUST,NON-ADMITTED,ALL CANCERS,56,56,0,100.00%,,56,0,0,0,0
,RTF,NORTHUMBRIA HEALTHCARE NHS FOUNDATION TRUST,NON-ADMITTED,ALL CANCERS,34,33,1,97.06%,,33,0,1,0,0
,RX1,NOTTINGHAM UNIVERSITY HOSPITALS NHS TRUST,NON-ADMITTED,ALL CANCERS,92,91,1,98.91%,,91,1,0,0,0
,RTH,OXFORD UNIVERSITY HOSPITALS NHS FOUNDATION TRUST,NON-ADMITTED,ALL CANCERS,102,101,1,99.02%,,101,0,1,0,0
,RGM,PAPWORTH HOSPITAL NHS FOUNDATION TRUST,NON-ADMITTED,ALL CANCERS,1,1,0,100.00%,,1,0,0,0,0
,RW6,PENNINE ACUTE HOSPITALS NHS TRUST,NON-ADMITTED,ALL CANCERS,50,50,0,100.00%,,50,0,0,0,0
,RGN,PETERBOROUGH AND STAMFORD HOSPITALS NHS FOUNDATION TRUST,NON-ADMITTED,ALL CANCERS,27,27,0,100.00%,,27,0,0,0,0
,RK9,PLYMOUTH HOSPITALS NHS TRUST,NON-ADMITTED,ALL CANCERS,99,98,1,98.99%,,98,0,0,1,0
,RD3,POOLE HOSPITAL NHS FOUNDATION TRUST,NON-ADMITTED,ALL CANCERS,26,26,0,100.00%,,26,0,0,0,0
,RHU,PORTSMOUTH HOSPITALS NHS TRUST,NON-ADMITTED,ALL CANCERS,125,125,0,100.00%,,125,0,0,0,0
,RPC,QUEEN VICTORIA HOSPITAL NHS FOUNDATION TRUST,NON-ADMITTED,ALL CANCERS,7,6,1,85.71%,,6,1,0,0,0
,RHW,ROYAL BERKSHIRE NHS FOUNDATION TRUST,NON-ADMITTED,ALL CANCERS,75,75,0,100.00%,,75,0,0,0,0
,REF,ROYAL CORNWALL HOSPITALS NHS TRUST,NON-ADMITTED,ALL CANCERS,103,103,0,100.00%,,103,0,0,0,0
,RH8,ROYAL DEVON AND EXETER NHS FOUNDATION TRUST,NON-ADMITTED,ALL CANCERS,73,70,3,95.89%,,70,0,2,0,1
,RAL,ROYAL FREE LONDON NHS FOUNDATION TRUST,NON-ADMITTED,ALL CANCERS,56,56,0,100.00%,,56,0,0,0,0
,RQ6,ROYAL LIVERPOOL AND BROADGREEN UNIVERSITY HOSPITALS NHS TRUST,NON-ADMITTED,ALL CANCERS,26,26,0,100.00%,,26,0,0,0,0
,RAN,ROYAL NATIONAL ORTHOPAEDIC HOSPITAL NHS TRUST,NON-ADMITTED,ALL CANCERS,2,2,0,100.00%,,2,0,0,0,0
,RA2,ROYAL SURREY COUNTY HOSPITAL NHS FOUNDATION TRUST,NON-ADMITTED,ALL CANCERS,94,92,2,97.87%,,92,1,0,1,0
,RD1,ROYAL UNITED HOSPITALS BATH NHS FOUNDATION TRUST,NON-ADMITTED,ALL CANCERS,91,91,0,100.00%,,91,0,0,0,0
,RM3,SALFORD ROYAL NHS FOUNDATION TRUST,NON-ADMITTED,ALL CANCERS,61,61,0,100.00%,,61,0,0,0,0
,RNZ,SALISBURY NHS FOUNDATION TRUST,NON-ADMITTED,ALL CANCERS,22,21,1,95.45%,,21,0,0,1,0
,RXK,SANDWELL AND WEST BIRMINGHAM HOSPITALS NHS TRUST,NON-ADMITTED,ALL CANCERS,46,46,0,100.00%,,46,0,0,0,0
,RCU,SHEFFIELD CHILDREN'S NHS FOUNDATION TRUST,NON-ADMITTED,ALL CANCERS,1,1,0,100.00%,,1,0,0,0,0
,RHQ,SHEFFIELD TEACHING HOSPITALS NHS FOUNDATION TRUST,NON-ADMITTED,ALL CANCERS,146,142,4,97.26%,,142,3,0,1,0
,RK5,SHERWOOD FOREST HOSPITALS NHS FOUNDATION TRUST,NON-ADMITTED,ALL CANCERS,32,32,0,100.00%,,32,0,0,0,0
,RXW,SHREWSBURY AND TELFORD HOSPITAL NHS TRUST,NON-ADMITTED,ALL CANCERS,99,97,2,97.98%,,97,1,1,0,0
,RTR,SOUTH TEES HOSPITALS NHS FOUNDATION TRUST,NON-ADMITTED,ALL CANCERS,67,67,0,100.00%,,67,0,0,0,0
,RE9,SOUTH TYNESIDE NHS FOUNDATION TRUST,NON-ADMITTED,ALL CANCERS,15,15,0,100.00%,,15,0,0,0,0
,RJC,SOUTH WARWICKSHIRE NHS FOUNDATION TRUST,NON-ADMITTED,ALL CANCERS,24,24,0,100.00%,,24,0,0,0,0
,RAJ,SOUTHEND UNIVERSITY HOSPITAL NHS FOUNDATION TRUST,NON-ADMITTED,ALL CANCERS,75,74,1,98.67%,,74,1,0,0,0
,RVY,SOUTHPORT AND ORMSKIRK HOSPITAL NHS TRUST,NON-ADMITTED,ALL CANCERS,45,44,1,97.78%,,44,0,1,0,0
,RJ7,ST GEORGE'S UNIVERSITY HOSPITALS NHS FOUNDATION TRUST,NON-ADMITTED,ALL CANCERS,37,37,0,100.00%,,37,0,0,0,0
,RBN,ST HELENS AND KNOWSLEY HOSPITAL SERVICES NHS TRUST,NON-ADMITTED,ALL CANCERS,57,57,0,100.00%,,57,0,0,0,0
,RWJ,STOCKPORT NHS FOUNDATION TRUST,NON-ADMITTED,ALL CANCERS,13,13,0,100.00%,,13,0,0,0,0
,RTP,SURREY AND SUSSEX HEALTHCARE NHS TRUST,NON-ADMITTED,ALL CANCERS,54,54,0,100.00%,,54,0,0,0,0
,RMP,TAMESIDE HOSPITAL NHS FOUNDATION TRUST,NON-ADMITTED,ALL CANCERS,29,29,0,100.00%,,29,0,0,0,0
,RBA,TAUNTON AND SOMERSET NHS FOUNDATION TRUST,NON-ADMITTED,ALL CANCERS,71,70,1,98.59%,,70,0,1,0,0
,RBV,THE CHRISTIE NHS FOUNDATION TRUST,NON-ADMITTED,ALL CANCERS,227,226,1,99.56%,,226,0,1,0,0
,REN,THE CLATTERBRIDGE CANCER CENTRE NHS FOUNDATION TRUST,NON-ADMITTED,ALL CANCERS,160,155,5,96.88%,,155,3,1,0,1
,RNA,THE DUDLEY GROUP NHS FOUNDATION TRUST,NON-ADMITTED,ALL CANCERS,27,27,0,100.00%,,27,0,0,0,0
,RAS,THE HILLINGDON HOSPITALS NHS FOUNDATION TRUST,NON-ADMITTED,ALL CANCERS,27,27,0,100.00%,,27,0,0,0,0
,RTD,THE NEWCASTLE UPON TYNE HOSPITALS NHS FOUNDATION TRUST,NON-ADMITTED,ALL CANCERS,142,141,1,99.30%,,141,0,1,0,0
,RQW,THE PRINCESS ALEXANDRA HOSPITAL NHS TRUST,NON-ADMITTED,ALL CANCERS,39,39,0,100.00%,,39,0,0,0,0
,RCX,"THE QUEEN ELIZABETH HOSPITAL, KING'S LYNN, NHS FOUNDATION TRUST",NON-ADMITTED,ALL CANCERS,36,35,1,97.22%,,35,0,0,1,0
,RFR,THE ROTHERHAM NHS FOUNDATION TRUST,NON-ADMITTED,ALL CANCERS,29,29,0,100.00%,,29,0,0,0,0
,RDZ,THE ROYAL BOURNEMOUTH AND CHRISTCHURCH HOSPITALS NHS FOUNDATION TRUST,NON-ADMITTED,ALL CANCERS,60,60,0,100.00%,,60,0,0,0,0
,RPY,THE ROYAL MARSDEN NHS FOUNDATION TRUST,NON-ADMITTED,ALL CANCERS,90,90,0,100.00%,,90,0,0,0,0
,RL4,THE ROYAL WOLVERHAMPTON NHS TRUST,NON-ADMITTED,ALL CANCERS,65,65,0,100.00%,,65,0,0,0,0
,RKE,THE WHITTINGTON HOSPITAL NHS TRUST,NON-ADMITTED,ALL CANCERS,6,6,0,100.00%,,6,0,0,0,0
,RA9,TORBAY AND SOUTH DEVON NHS FOUNDATION TRUST,NON-ADMITTED,ALL CANCERS,77,76,1,98.70%,,76,0,1,0,0
,RWD,UNITED LINCOLNSHIRE HOSPITALS NHS TRUST,NON-ADMITTED,ALL CANCERS,120,119,1,99.17%,,119,1,0,0,0
,RRV,UNIVERSITY COLLEGE LONDON HOSPITALS NHS FOUNDATION TRUST,NON-ADMITTED,ALL CANCERS,36,35,1,97.22%,,35,0,1,0,0
,RM2,UNIVERSITY HOSPITAL OF SOUTH MANCHESTER NHS FOUNDATION TRUST,NON-ADMITTED,ALL CANCERS,23,23,0,100.00%,,23,0,0,0,0
,RHM,UNIVERSITY HOSPITAL SOUTHAMPTON NHS FOUNDATION TRUST,NON-ADMITTED,ALL CANCERS,120,119,1,99.17%,,119,0,1,0,0
,RRK,UNIVERSITY HOSPITALS BIRMINGHAM NHS FOUNDATION TRUST,NON-ADMITTED,ALL CANCERS,100,99,1,99.00%,,99,1,0,0,0
,RA7,UNIVERSITY HOSPITALS BRISTOL NHS FOUNDATION TRUST,NON-ADMITTED,ALL CANCERS,68,67,1,98.53%,,67,1,0,0,0
,RKB,UNIVERSITY HOSPITALS COVENTRY AND WARWICKSHIRE NHS TRUST,NON-ADMITTED,ALL CANCERS,55,55,0,100.00%,,55,0,0,0,0
,RWE,UNIVERSITY HOSPITALS OF LEICESTER NHS TRUST,NON-ADMITTED,ALL CANCERS,156,155,1,99.36%,,155,1,0,0,0
,RTX,UNIVERSITY HOSPITALS OF MORECAMBE BAY NHS FOUNDATION TRUST,NON-ADMITTED,ALL CANCERS,73,73,0,100.00%,,73,0,0,0,0
,RJE,UNIVERSITY HOSPITALS OF NORTH MIDLANDS NHS TRUST,NON-ADMITTED,ALL CANCERS,77,77,0,100.00%,,77,0,0,0,0
,RBK,WALSALL HEALTHCARE NHS TRUST,NON-ADMITTED,ALL CANCERS,25,25,0,100.00%,,25,0,0,0,0
,RWW,WARRINGTON AND HALTON HOSPITALS NHS FOUNDATION TRUST,NON-ADMITTED,ALL CANCERS,12,12,0,100.00%,,12,0,0,0,0
,RWG,WEST HERTFORDSHIRE HOSPITALS NHS TRUST,NON-ADMITTED,ALL CANCERS,53,51,2,96.23%,,51,2,0,0,0
,RGR,WEST SUFFOLK NHS FOUNDATION TRUST,NON-ADMITTED,ALL CANCERS,21,21,0,100.00%,,21,0,0,0,0
,RYR,WESTERN SUSSEX HOSPITALS NHS FOUNDATION TRUST,NON-ADMITTED,ALL CANCERS,74,74,0,100.00%,,74,0,0,0,0
,RA3,WESTON AREA HEALTH NHS TRUST,NON-ADMITTED,ALL CANCERS,17,17,0,100.00%,,17,0,0,0,0
,RBL,WIRRAL UNIVERSITY TEACHING HOSPITAL NHS FOUNDATION TRUST,NON-ADMITTED,ALL CANCERS,31,31,0,100.00%,,31,0,0,0,0
,RWP,WORCESTERSHIRE ACUTE HOSPITALS NHS TRUST,NON-ADMITTED,ALL CANCERS,97,97,0,100.00%,,97,0,0,0,0
,RRF,"WRIGHTINGTON, WIGAN AND LEIGH NHS FOUNDATION TRUST",NON-ADMITTED,ALL CANCERS,27,27,0,100.00%,,27,0,0,0,0
,RLQ,WYE VALLEY NHS TRUST,NON-ADMITTED,ALL CANCERS,14,13,1,92.86%,,13,1,0,0,0
,RA4,YEOVIL DISTRICT HOSPITAL NHS FOUNDATION TRUST,NON-ADMITTED,ALL CANCERS,30,29,1,96.67%,,29,1,0,0,0
,RCB,YORK TEACHING HOSPITAL NHS FOUNDATION TRUST,NON-ADMITTED,ALL CANCERS,76,76,0,100.00%,,76,0,0,0,0
,AQK,INDEPENDENT ORGANISATION,NON-ADMITTED,ALL CANCERS,11,11,0,100.00%,,11,0,0,0,0
,NQT,INDEPENDENT ORGANISATION,NON-ADMITTED,ALL CANCERS,3,3,0,100.00%,,3,0,0,0,0
,NV3,INDEPENDENT ORGANISATION,NON-ADMITTED,ALL CANCERS,3,3,0,100.00%,,3,0,0,0,0
,NYT,INDEPENDENT ORGANISATION,NON-ADMITTED,ALL CANCERS,2,2,0,100.00%,,2,0,0,0,0
,,,,,,,,,,,,,,
,,ALL ENGLISH PROVIDERS,NON-ADMITTED,ALL CANCERS,8032,7964,68,99.15%,,7964,31,21,9,7
,,,,,,,,,,,,,,
,,,,,,,,,,,,,,
,,,,,,,,,,,,,,
PART C:ALL CARE,,,,,,,,,,,,,,
,,,,,NUMBER OF PEOPLE RECEIVING FIRST TREATMENT FOR CANCER,,,PERCENTAGE ,,NUMBER OF PEOPLE RECEIVING FIRST TREATMENT FOR CANCER,,,,
,ODS CODE (1),PROVIDER (4) (5),CARE SETTING (2),CANCER TYPE,TOTAL,WITHIN 31 DAYS,AFTER 31 DAYS,TREATED WITHIN 31 DAYS,,WITHIN 31 DAYS,32 TO 38 DAYS,39 TO 48 DAYS,49 TO 62 DAYS,AFTER 62 DAYS
,REM,AINTREE UNIVERSITY HOSPITAL NHS FOUNDATION TRUST,ALL CARE,ALL CANCERS,106,105,1,99.06%,,105,0,0,1,0
,RCF,AIREDALE NHS FOUNDATION TRUST,ALL CARE,ALL CANCERS,61,61,0,100.00%,,61,0,0,0,0
,RBS,ALDER HEY CHILDREN'S NHS FOUNDATION TRUST,ALL CARE,ALL CANCERS,9,9,0,100.00%,,9,0,0,0,0
,RTK,ASHFORD AND ST PETER'S HOSPITALS NHS FOUNDATION TRUST,ALL CARE,ALL CANCERS,66,63,3,95.45%,,63,1,1,0,1
,RF4,"BARKING, HAVERING AND REDBRIDGE UNIVERSITY HOSPITALS NHS TRUST",ALL CARE,ALL CANCERS,181,178,3,98.34%,,178,2,1,0,0
,RFF,BARNSLEY HOSPITAL NHS FOUNDATION TRUST,ALL CARE,ALL CANCERS,70,70,0,100.00%,,70,0,0,0,0
,R1H,BARTS HEALTH NHS TRUST,ALL CARE,ALL CANCERS,237,228,9,96.20%,,228,4,2,1,2
,RDD,BASILDON AND THURROCK UNIVERSITY HOSPITALS NHS FOUNDATION TRUST,ALL CARE,ALL CANCERS,121,120,1,99.17%,,120,0,0,1,0
,RC1,BEDFORD HOSPITAL NHS TRUST,ALL CARE,ALL CANCERS,106,104,2,98.11%,,104,2,0,0,0
,RQ3,BIRMINGHAM CHILDREN'S HOSPITAL NHS FOUNDATION TRUST,ALL CARE,ALL CANCERS,17,17,0,100.00%,,17,0,0,0,0
,RLU,BIRMINGHAM WOMEN'S NHS FOUNDATION TRUST,ALL CARE,ALL CANCERS,2,2,0,100.00%,,2,0,0,0,0
,RXL,BLACKPOOL TEACHING HOSPITALS NHS FOUNDATION TRUST,ALL CARE,ALL CANCERS,157,156,1,99.36%,,156,0,1,0,0
,RMC,BOLTON NHS FOUNDATION TRUST,ALL CARE,ALL CANCERS,89,88,1,98.88%,,88,1,0,0,0
,RAE,BRADFORD TEACHING HOSPITALS NHS FOUNDATION TRUST,ALL CARE,ALL CANCERS,122,120,2,98.36%,,120,0,0,1,1
,RY2,BRIDGEWATER COMMUNITY HEALTHCARE NHS FOUNDATION TRUST,ALL CARE,ALL CANCERS,13,12,1,92.31%,,12,1,0,0,0
,RXH,BRIGHTON AND SUSSEX UNIVERSITY HOSPITALS NHS TRUST,ALL CARE,ALL CANCERS,226,220,6,97.35%,,220,3,3,0,0
,RXQ,BUCKINGHAMSHIRE HEALTHCARE NHS TRUST,ALL CARE,ALL CANCERS,176,174,2,98.86%,,174,2,0,0,0
,RJF,BURTON HOSPITALS NHS FOUNDATION TRUST,ALL CARE,ALL CANCERS,85,85,0,100.00%,,85,0,0,0,0
,RWY,CALDERDALE AND HUDDERSFIELD NHS FOUNDATION TRUST,ALL CARE,ALL CANCERS,117,117,0,100.00%,,117,0,0,0,0
,RGT,CAMBRIDGE UNIVERSITY HOSPITALS NHS FOUNDATION TRUST,ALL CARE,ALL CANCERS,233,230,3,98.71%,,230,2,1,0,0
,RV3,CENTRAL AND NORTH WEST LONDON NHS FOUNDATION TRUST,ALL CARE,ALL CANCERS,1,1,0,100.00%,,1,0,0,0,0
,RW3,CENTRAL MANCHESTER UNIVERSITY HOSPITALS NHS FOUNDATION TRUST,ALL CARE,ALL CANCERS,102,96,6,94.12%,,96,1,2,2,1
,RQM,CHELSEA AND WESTMINSTER HOSPITAL NHS FOUNDATION TRUST,ALL CARE,ALL CANCERS,63,62,1,98.41%,,62,0,0,1,0
,RFS,CHESTERFIELD ROYAL HOSPITAL NHS FOUNDATION TRUST,ALL CARE,ALL CANCERS,108,107,1,99.07%,,107,0,0,1,0
,RLN,CITY HOSPITALS SUNDERLAND NHS FOUNDATION TRUST,ALL CARE,ALL CANCERS,138,136,2,98.55%,,136,0,1,1,0
,RDE,COLCHESTER HOSPITAL UNIVERSITY NHS FOUNDATION TRUST,ALL CARE,ALL CANCERS,184,174,10,94.57%,,174,4,2,1,3
,RJR,COUNTESS OF CHESTER HOSPITAL NHS FOUNDATION TRUST,ALL CARE,ALL CANCERS,66,66,0,100.00%,,66,0,0,0,0
,RXP,COUNTY DURHAM AND DARLINGTON NHS FOUNDATION TRUST,ALL CARE,ALL CANCERS,168,168,0,100.00%,,168,0,0,0,0
,RJ6,CROYDON HEALTH SERVICES NHS TRUST,ALL CARE,ALL CANCERS,56,55,1,98.21%,,55,0,1,0,0
,RN7,DARTFORD AND GRAVESHAM NHS TRUST,ALL CARE,ALL CANCERS,76,76,0,100.00%,,76,0,0,0,0
,RTG,DERBY TEACHING HOSPITALS NHS FOUNDATION TRUST,ALL CARE,ALL CANCERS,253,245,8,96.84%,,245,3,2,3,0
,RP5,DONCASTER AND BASSETLAW HOSPITALS NHS FOUNDATION TRUST,ALL CARE,ALL CANCERS,159,158,1,99.37%,,158,0,1,0,0
,RBD,DORSET COUNTY HOSPITAL NHS FOUNDATION TRUST,ALL CARE,ALL CANCERS,122,118,4,96.72%,,118,3,0,0,1
,RWH,EAST AND NORTH HERTFORDSHIRE NHS TRUST,ALL CARE,ALL CANCERS,195,185,10,94.87%,,185,2,3,1,4
,RJN,EAST CHESHIRE NHS TRUST,ALL CARE,ALL CANCERS,53,53,0,100.00%,,53,0,0,0,0
,RVV,EAST KENT HOSPITALS UNIVERSITY NHS FOUNDATION TRUST,ALL CARE,ALL CANCERS,298,287,11,96.31%,,287,6,5,0,0
,RXR,EAST LANCASHIRE HOSPITALS NHS TRUST,ALL CARE,ALL CANCERS,187,184,3,98.40%,,184,1,0,0,2
,RXC,EAST SUSSEX HEALTHCARE NHS TRUST,ALL CARE,ALL CANCERS,181,180,1,99.45%,,180,0,1,0,0
,RVR,EPSOM AND ST HELIER UNIVERSITY HOSPITALS NHS TRUST,ALL CARE,ALL CANCERS,75,74,1,98.67%,,74,1,0,0,0
,RDU,FRIMLEY HEALTH NHS FOUNDATION TRUST,ALL CARE,ALL CANCERS,259,258,1,99.61%,,258,0,0,0,1
,RR7,GATESHEAD HEALTH NHS FOUNDATION TRUST,ALL CARE,ALL CANCERS,107,107,0,100.00%,,107,0,0,0,0
,RLT,GEORGE ELIOT HOSPITAL NHS TRUST,ALL CARE,ALL CANCERS,54,53,1,98.15%,,53,1,0,0,0
,RTE,GLOUCESTERSHIRE HOSPITALS NHS FOUNDATION TRUST,ALL CARE,ALL CANCERS,284,283,1,99.65%,,283,1,0,0,0
,RP4,GREAT ORMOND STREET HOSPITAL FOR CHILDREN NHS FOUNDATION TRUST,ALL CARE,ALL CANCERS,11,11,0,100.00%,,11,0,0,0,0
,RN3,GREAT WESTERN HOSPITALS NHS FOUNDATION TRUST,ALL CARE,ALL CANCERS,125,123,2,98.40%,,123,1,0,1,0
,RJ1,GUY'S AND ST THOMAS' NHS FOUNDATION TRUST,ALL CARE,ALL CANCERS,275,263,12,95.64%,,263,4,2,3,3
,RN5,HAMPSHIRE HOSPITALS NHS FOUNDATION TRUST,ALL CARE,ALL CANCERS,191,187,4,97.91%,,187,2,2,0,0
,RCD,HARROGATE AND DISTRICT NHS FOUNDATION TRUST,ALL CARE,ALL CANCERS,77,76,1,98.70%,,76,1,0,0,0
,RR1,HEART OF ENGLAND NHS FOUNDATION TRUST,ALL CARE,ALL CANCERS,325,324,1,99.69%,,324,1,0,0,0
,RQQ,HINCHINGBROOKE HEALTH CARE NHS TRUST,ALL CARE,ALL CANCERS,46,45,1,97.83%,,45,0,0,1,0
,RQX,HOMERTON UNIVERSITY HOSPITAL NHS FOUNDATION TRUST,ALL CARE,ALL CANCERS,39,39,0,100.00%,,39,0,0,0,0
,RWA,HULL AND EAST YORKSHIRE HOSPITALS NHS TRUST,ALL CARE,ALL CANCERS,326,322,4,98.77%,,322,1,2,0,1
,RYJ,IMPERIAL COLLEGE HEALTHCARE NHS TRUST,ALL CARE,ALL CANCERS,236,227,9,96.19%,,227,0,5,3,1
,RGQ,IPSWICH HOSPITAL NHS TRUST,ALL CARE,ALL CANCERS,170,164,6,96.47%,,164,2,2,1,1
,R1F,ISLE OF WIGHT NHS TRUST,ALL CARE,ALL CANCERS,67,67,0,100.00%,,67,0,0,0,0
,RGP,JAMES PAGET UNIVERSITY HOSPITALS NHS FOUNDATION TRUST,ALL CARE,ALL CANCERS,125,123,2,98.40%,,123,2,0,0,0
,RNQ,KETTERING GENERAL HOSPITAL NHS FOUNDATION TRUST,ALL CARE,ALL CANCERS,142,139,3,97.89%,,139,1,2,0,0
,RJZ,KING'S COLLEGE HOSPITAL NHS FOUNDATION TRUST,ALL CARE,ALL CANCERS,191,190,1,99.48%,,190,1,0,0,0
,RAX,KINGSTON HOSPITAL NHS FOUNDATION TRUST,ALL CARE,ALL CANCERS,74,74,0,100.00%,,74,0,0,0,0
,RXN,LANCASHIRE TEACHING HOSPITALS NHS FOUNDATION TRUST,ALL CARE,ALL CANCERS,265,250,15,94.34%,,250,7,5,1,2
,RR8,LEEDS TEACHING HOSPITALS NHS TRUST,ALL CARE,ALL CANCERS,442,432,10,97.74%,,432,3,3,2,2
,RJ2,LEWISHAM AND GREENWICH NHS TRUST,ALL CARE,ALL CANCERS,83,82,1,98.80%,,82,0,0,1,0
,RBQ,LIVERPOOL HEART AND CHEST HOSPITAL NHS FOUNDATION TRUST,ALL CARE,ALL CANCERS,47,47,0,100.00%,,47,0,0,0,0
,REP,LIVERPOOL WOMEN'S NHS FOUNDATION TRUST,ALL CARE,ALL CANCERS,25,25,0,100.00%,,25,0,0,0,0
,R1K,LONDON NORTH WEST HEALTHCARE NHS TRUST,ALL CARE,ALL CANCERS,123,123,0,100.00%,,123,0,0,0,0
,RC9,LUTON AND DUNSTABLE UNIVERSITY HOSPITAL NHS FOUNDATION TRUST,ALL CARE,ALL CANCERS,105,104,1,99.05%,,104,0,0,0,1
,RWF,MAIDSTONE AND TUNBRIDGE WELLS NHS TRUST,ALL CARE,ALL CANCERS,209,202,7,96.65%,,202,1,4,1,1
,RPA,MEDWAY NHS FOUNDATION TRUST,ALL CARE,ALL CANCERS,107,101,6,94.39%,,101,1,4,0,1
,RBT,MID CHESHIRE HOSPITALS NHS FOUNDATION TRUST,ALL CARE,ALL CANCERS,79,79,0,100.00%,,79,0,0,0,0
,RQ8,MID ESSEX HOSPITAL SERVICES NHS TRUST,ALL CARE,ALL CANCERS,198,184,14,92.93%,,184,11,0,3,0
,RXF,MID YORKSHIRE HOSPITALS NHS TRUST,ALL CARE,ALL CANCERS,160,157,3,98.13%,,157,2,1,0,0
,RD8,MILTON KEYNES UNIVERSITY HOSPITAL NHS FOUNDATION TRUST,ALL CARE,ALL CANCERS,75,73,2,97.33%,,73,1,1,0,0
,RP6,MOORFIELDS EYE HOSPITAL NHS FOUNDATION TRUST,ALL CARE,ALL CANCERS,12,12,0,100.00%,,12,0,0,0,0
,RM1,NORFOLK AND NORWICH UNIVERSITY HOSPITALS NHS FOUNDATION TRUST,ALL CARE,ALL CANCERS,354,348,6,98.31%,,348,2,1,3,0
,RVJ,NORTH BRISTOL NHS TRUST,ALL CARE,ALL CANCERS,270,261,9,96.67%,,261,3,3,2,1
,RNL,NORTH CUMBRIA UNIVERSITY HOSPITALS NHS TRUST,ALL CARE,ALL CANCERS,132,126,6,95.45%,,126,4,2,0,0
,RAP,NORTH MIDDLESEX UNIVERSITY HOSPITAL NHS TRUST,ALL CARE,ALL CANCERS,73,73,0,100.00%,,73,0,0,0,0
,RVW,NORTH TEES AND HARTLEPOOL NHS FOUNDATION TRUST,ALL CARE,ALL CANCERS,121,120,1,99.17%,,120,1,0,0,0
,RNS,NORTHAMPTON GENERAL HOSPITAL NHS TRUST,ALL CARE,ALL CANCERS,165,154,11,93.33%,,154,6,3,1,1
,RBZ,NORTHERN DEVON HEALTHCARE NHS TRUST,ALL CARE,ALL CANCERS,73,73,0,100.00%,,73,0,0,0,0
,RJL,NORTHERN LINCOLNSHIRE AND GOOLE NHS FOUNDATION TRUST,ALL CARE,ALL CANCERS,148,147,1,99.32%,,147,1,0,0,0
,RTF,NORTHUMBRIA HEALTHCARE NHS FOUNDATION TRUST,ALL CARE,ALL CANCERS,89,88,1,98.88%,,88,0,1,0,0
,RX1,NOTTINGHAM UNIVERSITY HOSPITALS NHS TRUST,ALL CARE,ALL CANCERS,358,346,12,96.65%,,346,3,4,4,1
,RTH,OXFORD UNIVERSITY HOSPITALS NHS FOUNDATION TRUST,ALL CARE,ALL CANCERS,321,304,17,94.70%,,304,9,6,2,0
,RGM,PAPWORTH HOSPITAL NHS FOUNDATION TRUST,ALL CARE,ALL CANCERS,13,13,0,100.00%,,13,0,0,0,0
,RW6,PENNINE ACUTE HOSPITALS NHS TRUST,ALL CARE,ALL CANCERS,142,142,0,100.00%,,142,0,0,0,0
,RGN,PETERBOROUGH AND STAMFORD HOSPITALS NHS FOUNDATION TRUST,ALL CARE,ALL CANCERS,120,120,0,100.00%,,120,0,0,0,0
,RK9,PLYMOUTH HOSPITALS NHS TRUST,ALL CARE,ALL CANCERS,287,275,12,95.82%,,275,5,4,3,0
,RD3,POOLE HOSPITAL NHS FOUNDATION TRUST,ALL CARE,ALL CANCERS,142,139,3,97.89%,,139,2,1,0,0
,RHU,PORTSMOUTH HOSPITALS NHS TRUST,ALL CARE,ALL CANCERS,277,272,5,98.19%,,272,2,1,0,2
,RPC,QUEEN VICTORIA HOSPITAL NHS FOUNDATION TRUST,ALL CARE,ALL CANCERS,44,39,5,88.64%,,39,3,1,0,1
,RHW,ROYAL BERKSHIRE NHS FOUNDATION TRUST,ALL CARE,ALL CANCERS,193,190,3,98.45%,,190,2,0,1,0
,RT3,ROYAL BROMPTON & HAREFIELD NHS FOUNDATION TRUST,ALL CARE,ALL CANCERS,37,37,0,100.00%,,37,0,0,0,0
,REF,ROYAL CORNWALL HOSPITALS NHS TRUST,ALL CARE,ALL CANCERS,237,230,7,97.05%,,230,4,1,2,0
,RH8,ROYAL DEVON AND EXETER NHS FOUNDATION TRUST,ALL CARE,ALL CANCERS,293,287,6,97.95%,,287,1,2,2,1
,RAL,ROYAL FREE LONDON NHS FOUNDATION TRUST,ALL CARE,ALL CANCERS,246,242,4,98.37%,,242,2,1,0,1
,RQ6,ROYAL LIVERPOOL AND BROADGREEN UNIVERSITY HOSPITALS NHS TRUST,ALL CARE,ALL CANCERS,113,111,2,98.23%,,111,0,2,0,0
,RAN,ROYAL NATIONAL ORTHOPAEDIC HOSPITAL NHS TRUST,ALL CARE,ALL CANCERS,6,4,2,66.67%,,4,2,0,0,0
,RA2,ROYAL SURREY COUNTY HOSPITAL NHS FOUNDATION TRUST,ALL CARE,ALL CANCERS,217,201,16,92.63%,,201,2,3,9,2
,RD1,ROYAL UNITED HOSPITALS BATH NHS FOUNDATION TRUST,ALL CARE,ALL CANCERS,181,179,2,98.90%,,179,2,0,0,0
,RM3,SALFORD ROYAL NHS FOUNDATION TRUST,ALL CARE,ALL CANCERS,139,137,2,98.56%,,137,0,1,0,1
,RNZ,SALISBURY NHS FOUNDATION TRUST,ALL CARE,ALL CANCERS,89,86,3,96.63%,,86,1,1,1,0
,RXK,SANDWELL AND WEST BIRMINGHAM HOSPITALS NHS TRUST,ALL CARE,ALL CANCERS,138,135,3,97.83%,,135,1,0,1,1
,RCU,SHEFFIELD CHILDREN'S NHS FOUNDATION TRUST,ALL CARE,ALL CANCERS,2,2,0,100.00%,,2,0,0,0,0
,RHQ,SHEFFIELD TEACHING HOSPITALS NHS FOUNDATION TRUST,ALL CARE,ALL CANCERS,469,457,12,97.44%,,457,5,3,3,1
,RK5,SHERWOOD FOREST HOSPITALS NHS FOUNDATION TRUST,ALL CARE,ALL CANCERS,97,96,1,98.97%,,96,0,0,0,1
,RXW,SHREWSBURY AND TELFORD HOSPITAL NHS TRUST,ALL CARE,ALL CANCERS,222,215,7,96.85%,,215,4,2,0,1
,RTR,SOUTH TEES HOSPITALS NHS FOUNDATION TRUST,ALL CARE,ALL CANCERS,224,222,2,99.11%,,222,0,1,0,1
,RE9,SOUTH TYNESIDE NHS FOUNDATION TRUST,ALL CARE,ALL CANCERS,27,27,0,100.00%,,27,0,0,0,0
,RJC,SOUTH WARWICKSHIRE NHS FOUNDATION TRUST,ALL CARE,ALL CANCERS,77,75,2,97.40%,,75,1,0,0,1
,RAJ,SOUTHEND UNIVERSITY HOSPITAL NHS FOUNDATION TRUST,ALL CARE,ALL CANCERS,180,176,4,97.78%,,176,3,0,0,1
,RVY,SOUTHPORT AND ORMSKIRK HOSPITAL NHS TRUST,ALL CARE,ALL CANCERS,81,79,2,97.53%,,79,1,1,0,0
,RJ7,ST GEORGE'S UNIVERSITY HOSPITALS NHS FOUNDATION TRUST,ALL CARE,ALL CANCERS,166,160,6,96.39%,,160,2,3,1,0
,RBN,ST HELENS AND KNOWSLEY HOSPITAL SERVICES NHS TRUST,ALL CARE,ALL CANCERS,191,186,5,97.38%,,186,1,1,1,2
,RWJ,STOCKPORT NHS FOUNDATION TRUST,ALL CARE,ALL CANCERS,58,58,0,100.00%,,58,0,0,0,0
,RTP,SURREY AND SUSSEX HEALTHCARE NHS TRUST,ALL CARE,ALL CANCERS,129,127,2,98.45%,,127,1,1,0,0
,RMP,TAMESIDE HOSPITAL NHS FOUNDATION TRUST,ALL CARE,ALL CANCERS,57,57,0,100.00%,,57,0,0,0,0
,RBA,TAUNTON AND SOMERSET NHS FOUNDATION TRUST,ALL CARE,ALL CANCERS,168,163,5,97.02%,,163,2,1,1,1
,RBV,THE CHRISTIE NHS FOUNDATION TRUST,ALL CARE,ALL CANCERS,289,282,7,97.58%,,282,0,4,2,1
,REN,THE CLATTERBRIDGE CANCER CENTRE NHS FOUNDATION TRUST,ALL CARE,ALL CANCERS,177,172,5,97.18%,,172,3,1,0,1
,RNA,THE DUDLEY GROUP NHS FOUNDATION TRUST,ALL CARE,ALL CANCERS,139,138,1,99.28%,,138,1,0,0,0
,RAS,THE HILLINGDON HOSPITALS NHS FOUNDATION TRUST,ALL CARE,ALL CANCERS,70,70,0,100.00%,,70,0,0,0,0
,RTD,THE NEWCASTLE UPON TYNE HOSPITALS NHS FOUNDATION TRUST,ALL CARE,ALL CANCERS,441,431,10,97.73%,,431,4,2,1,3
,RQW,THE PRINCESS ALEXANDRA HOSPITAL NHS TRUST,ALL CARE,ALL CANCERS,86,86,0,100.00%,,86,0,0,0,0
,RCX,"THE QUEEN ELIZABETH HOSPITAL, KING'S LYNN, NHS FOUNDATION TRUST",ALL CARE,ALL CANCERS,96,95,1,98.96%,,95,0,0,1,0
,RL1,THE ROBERT JONES AND AGNES HUNT ORTHOPAEDIC HOSPITAL NHS FOUNDATION TRUST,ALL CARE,ALL CANCERS,2,2,0,100.00%,,2,0,0,0,0
,RFR,THE ROTHERHAM NHS FOUNDATION TRUST,ALL CARE,ALL CANCERS,78,77,1,98.72%,,77,1,0,0,0
,RDZ,THE ROYAL BOURNEMOUTH AND CHRISTCHURCH HOSPITALS NHS FOUNDATION TRUST,ALL CARE,ALL CANCERS,174,172,2,98.85%,,172,0,1,1,0
,RPY,THE ROYAL MARSDEN NHS FOUNDATION TRUST,ALL CARE,ALL CANCERS,240,239,1,99.58%,,239,0,1,0,0
,RRJ,THE ROYAL ORTHOPAEDIC HOSPITAL NHS FOUNDATION TRUST,ALL CARE,ALL CANCERS,4,4,0,100.00%,,4,0,0,0,0
,RL4,THE ROYAL WOLVERHAMPTON NHS TRUST,ALL CARE,ALL CANCERS,209,203,6,97.13%,,203,1,2,1,2
,RET,THE WALTON CENTRE NHS FOUNDATION TRUST,ALL CARE,ALL CANCERS,13,13,0,100.00%,,13,0,0,0,0
,RKE,THE WHITTINGTON HOSPITAL NHS TRUST,ALL CARE,ALL CANCERS,31,31,0,100.00%,,31,0,0,0,0
,RA9,TORBAY AND SOUTH DEVON NHS FOUNDATION TRUST,ALL CARE,ALL CANCERS,174,172,2,98.85%,,172,1,1,0,0
,RWD,UNITED LINCOLNSHIRE HOSPITALS NHS TRUST,ALL CARE,ALL CANCERS,278,264,14,94.96%,,264,7,3,1,3
,RRV,UNIVERSITY COLLEGE LONDON HOSPITALS NHS FOUNDATION TRUST,ALL CARE,ALL CANCERS,226,203,23,89.82%,,203,9,7,4,3
,RM2,UNIVERSITY HOSPITAL OF SOUTH MANCHESTER NHS FOUNDATION TRUST,ALL CARE,ALL CANCERS,199,198,1,99.50%,,198,0,0,1,0
,RHM,UNIVERSITY HOSPITAL SOUTHAMPTON NHS FOUNDATION TRUST,ALL CARE,ALL CANCERS,284,277,7,97.54%,,277,4,2,1,0
,RRK,UNIVERSITY HOSPITALS BIRMINGHAM NHS FOUNDATION TRUST,ALL CARE,ALL CANCERS,261,256,5,98.08%,,256,3,1,1,0
,RA7,UNIVERSITY HOSPITALS BRISTOL NHS FOUNDATION TRUST,ALL CARE,ALL CANCERS,235,226,9,96.17%,,226,4,1,2,2
,RKB,UNIVERSITY HOSPITALS COVENTRY AND WARWICKSHIRE NHS TRUST,ALL CARE,ALL CANCERS,174,169,5,97.13%,,169,3,1,1,0
,RWE,UNIVERSITY HOSPITALS OF LEICESTER NHS TRUST,ALL CARE,ALL CANCERS,397,378,19,95.21%,,378,6,10,1,2
,RTX,UNIVERSITY HOSPITALS OF MORECAMBE BAY NHS FOUNDATION TRUST,ALL CARE,ALL CANCERS,152,152,0,100.00%,,152,0,0,0,0
,RJE,UNIVERSITY HOSPITALS OF NORTH MIDLANDS NHS TRUST,ALL CARE,ALL CANCERS,281,271,10,96.44%,,271,4,3,0,3
,RBK,WALSALL HEALTHCARE NHS TRUST,ALL CARE,ALL CANCERS,81,81,0,100.00%,,81,0,0,0,0
,RWW,WARRINGTON AND HALTON HOSPITALS NHS FOUNDATION TRUST,ALL CARE,ALL CANCERS,34,34,0,100.00%,,34,0,0,0,0
,RWG,WEST HERTFORDSHIRE HOSPITALS NHS TRUST,ALL CARE,ALL CANCERS,119,117,2,98.32%,,117,2,0,0,0
,RGR,WEST SUFFOLK NHS FOUNDATION TRUST,ALL CARE,ALL CANCERS,100,100,0,100.00%,,100,0,0,0,0
,RYR,WESTERN SUSSEX HOSPITALS NHS FOUNDATION TRUST,ALL CARE,ALL CANCERS,262,261,1,99.62%,,261,0,1,0,0
,RA3,WESTON AREA HEALTH NHS TRUST,ALL CARE,ALL CANCERS,40,39,1,97.50%,,39,1,0,0,0
,RBL,WIRRAL UNIVERSITY TEACHING HOSPITAL NHS FOUNDATION TRUST,ALL CARE,ALL CANCERS,138,134,4,97.10%,,134,2,0,2,0
,RWP,WORCESTERSHIRE ACUTE HOSPITALS NHS TRUST,ALL CARE,ALL CANCERS,226,219,7,96.90%,,219,1,1,2,3
,RRF,"WRIGHTINGTON, WIGAN AND LEIGH NHS FOUNDATION TRUST",ALL CARE,ALL CANCERS,85,85,0,100.00%,,85,0,0,0,0
,RLQ,WYE VALLEY NHS TRUST,ALL CARE,ALL CANCERS,63,62,1,98.41%,,62,1,0,0,0
,RA4,YEOVIL DISTRICT HOSPITAL NHS FOUNDATION TRUST,ALL CARE,ALL CANCERS,69,67,2,97.10%,,67,1,0,1,0
,RCB,YORK TEACHING HOSPITAL NHS FOUNDATION TRUST,ALL CARE,ALL CANCERS,208,206,2,99.04%,,206,2,0,0,0
,AQK,INDEPENDENT ORGANISATION,ALL CARE,ALL CANCERS,11,11,0,100.00%,,11,0,0,0,0
,NQT,INDEPENDENT ORGANISATION,ALL CARE,ALL CANCERS,3,3,0,100.00%,,3,0,0,0,0
,NV3,INDEPENDENT ORGANISATION,ALL CARE,ALL CANCERS,50,49,1,98.00%,,49,0,0,0,1
,NVM,INDEPENDENT ORGANISATION,ALL CARE,ALL CANCERS,12,12,0,100.00%,,12,0,0,0,0
,NYT,INDEPENDENT ORGANISATION,ALL CARE,ALL CANCERS,2,2,0,100.00%,,2,0,0,0,0
,,,,,,,,,,,,,,
,,ALL ENGLISH PROVIDERS,ALL CARE,ALL CANCERS,23112,22572,540,97.66%,,22572,222,153,91,74
